entry_date,entry_price,exit_date,exit_price,return,pnl,holding_days,exit_reason,stop_loss_pct,used_swing_low,swing_distance_pct,buffer_pct,ticker
2024-03-25,172.89999389648438,2024-04-12,163.27999877929688,-0.0556390714677932,-55.63907146779323,18,stop_loss,0.0479412581549613,True,0.0052052858777034,0.0427359722772579,AMD
2024-08-06,135.14999389648438,2024-08-20,156.39999389648438,0.1572327115033096,157.23271150330964,14,target_reached,0.1,True,0.0985571044541215,0.0495138531714793,AMD
2025-04-04,90.0999984741211,2025-04-08,78.20999908447266,-0.1319644793674833,-131.96447936748334,4,stop_loss,0.1,True,0.0713651544291938,0.0434143398350476,AMD
2025-04-10,91.0,2025-05-12,108.12000274658205,0.1881318983140885,188.1318983140885,32,target_reached,0.1,True,0.1595604026710594,0.0670760195158173,AMD
2025-11-11,241.66000366210932,2025-11-20,206.0200042724609,-0.1474799257202715,-147.47992572027158,9,stop_loss,0.1,True,0.0704295457028064,0.0390936897652672,AMD
2025-11-21,208.8099975585937,2025-12-09,221.6199951171875,0.0613476256327198,61.3476256327199,18,end_of_data,0.1,True,0.0661366683590833,0.06214685181654,AMD
2024-02-08,16.25,2024-02-27,15.100000381469728,-0.0707692072941705,-70.76920729417057,19,stop_loss,0.0433220099313154,True,0.0172307527982271,0.0260912571330882,AES
2024-02-28,15.020000457763672,2024-03-28,17.93000030517578,0.1937416616993486,193.74166169934855,29,target_reached,0.0511042306936987,True,0.0219707634702366,0.0291334672234621,AES
2025-01-22,11.649999618530272,2025-02-03,10.710000038146973,-0.0806866619023878,-80.68666190238783,12,stop_loss,0.0792103235986145,True,0.0480686252600091,0.0311416983386053,AES
2025-03-03,11.149999618530272,2025-03-17,13.050000190734863,0.1704036445926837,170.40364459268375,14,target_reached,0.1,True,0.1139013047120406,0.033559941075027,AES
2025-04-07,10.510000228881836,2025-05-13,12.550000190734863,0.1941008484706821,194.1008484706821,36,target_reached,0.0687806616255718,True,0.0352045554235393,0.0335761062020324,AES
2025-05-21,11.260000228881836,2025-05-22,9.630000114440918,-0.1447602203648252,-144.76022036482527,1,stop_loss,0.1,True,0.1012433676864996,0.0406677603010711,AES
2024-03-08,123.30999755859376,2024-04-22,112.29000091552734,-0.089368233405649,-89.36823340564904,45,time_limit,0.1,True,0.1347822191731869,0.0528425414428251,ALB
2024-06-14,107.0999984741211,2024-06-18,99.54000091552734,-0.0705882135042279,-70.58821350422795,4,stop_loss,0.0647840122379461,True,0.0352941067521139,0.0294899054858321,ALB
2024-06-20,97.6999969482422,2024-08-02,86.98999786376953,-0.1096212837155606,-109.62128371556068,43,stop_loss,0.0756081866467908,True,0.0406345313747733,0.0349736552720175,ALB
2024-08-05,80.30000305175781,2024-08-12,76.0,-0.0535492265048386,-53.54922650483862,7,stop_loss,0.0465133187101326,True,0.0049813388627281,0.0415319798474045,ALB
2024-08-13,76.9000015258789,2024-08-21,88.5999984741211,0.1521456009894204,152.14560098942042,8,target_reached,0.0744660116968712,True,0.0270481377084851,0.0474178739883861,ALB
2024-08-22,87.88999938964844,2024-09-06,76.9000015258789,-0.1250426435327056,-125.04264353270568,15,stop_loss,0.1,True,0.1811354907213749,0.0385383839811312,ALB
2024-09-09,78.0,2024-09-17,89.81999969482422,0.1515384576259515,151.53845762595154,8,target_reached,0.0725506706645759,True,0.0338461460211338,0.0387045246434421,ALB
2024-12-13,102.0,2024-12-18,90.54000091552734,-0.1123529322007123,-112.3529322007123,5,stop_loss,0.071107615040896,True,0.0388235204360064,0.0322840946048896,ALB
2024-12-19,91.5,2025-01-31,84.19000244140625,-0.0798906837004781,-79.89068370047814,43,stop_loss,0.0707461883656183,True,0.0301639577730105,0.0405822305926077,ALB
2025-02-03,81.51000213623047,2025-02-10,75.13999938964844,-0.0781499519032722,-78.14995190327222,7,stop_loss,0.0517563463597944,True,0.0226965823289898,0.0290597640308045,ALB
2025-02-11,73.41000366210938,2025-03-03,69.94999694824219,-0.047132632356114,-47.13263235611409,20,stop_loss,0.04,True,0.0072198117729419,0.0283567825521686,ALB
2025-03-04,69.0,2025-03-19,79.48999786376953,0.1520289545473845,152.02895454738453,15,target_reached,0.0688448299799307,True,0.0256521252618319,0.0431927047180987,ALB
2025-03-20,77.41000366210938,2025-04-03,66.5,-0.1409379039656292,-140.93790396562923,14,stop_loss,0.1,True,0.0821599316557667,0.0396482626356817,ALB
2025-04-04,63.2400016784668,2025-04-08,50.7599983215332,-0.1973435013551404,-197.3435013551405,4,stop_loss,0.1,True,0.0902909985392073,0.0444612563074368,ALB
2025-04-10,57.11000061035156,2025-05-23,57.61000061035156,0.0087550340510655,8.755034051065591,43,time_limit,0.1,True,0.1344773283680149,0.0757598508629352,ALB
2025-05-27,58.380001068115234,2025-07-02,67.98999786376953,0.1646111103088499,164.6111103088499,36,target_reached,0.0821418211572422,True,0.0496745713055967,0.0324672498516455,ALB
2025-09-11,71.83999633789062,2025-09-25,84.83000183105469,0.1808185712046415,180.8185712046415,14,target_reached,0.0506629147131769,True,0.0082126443202425,0.0424502703929343,ALB
2025-11-04,91.70999908447266,2025-11-12,110.31999969482422,0.2029222636150087,202.92226361500877,8,target_reached,0.0866297663736264,True,0.0403445315143246,0.0462852348593018,ALB
2025-11-03,56.84000015258789,2025-11-13,52.2400016784668,-0.0809288962310401,-80.92889623104016,10,stop_loss,0.0782802644146492,True,0.0320196989785081,0.0462605654361411,ARE
2025-11-14,52.0,2025-11-20,48.86000061035156,-0.0603846036470853,-60.384603647085314,6,stop_loss,0.0552261728836842,True,0.007115364074707,0.0481108088089771,ARE
2025-12-04,48.0099983215332,2025-12-09,45.290000915527344,-0.0566548115204973,-56.65481152049734,5,end_of_data,0.0709212640911041,True,0.0397833766754258,0.0311378874156783,ARE
2024-04-30,300.0,2024-05-20,267.44000244140625,-0.1085333251953124,-108.53332519531244,20,stop_loss,0.0960331520155342,True,0.0599666341145833,0.0360665179009509,ALGN
2024-06-20,239.44000244140625,2024-07-25,226.0500030517578,-0.0559221485679909,-55.92214856799094,35,stop_loss,0.04,True,0.0070998869483313,0.0253294543326332,ALGN
2024-07-26,226.38999938964844,2024-08-05,207.94000244140625,-0.0814965192719807,-81.49651927198076,10,stop_loss,0.0640630266325796,True,0.0333053284441044,0.0307576981884752,ALGN
2024-08-06,208.1000061035156,2024-08-16,240.3500061035156,0.1549735658535147,154.97356585351474,10,target_reached,0.097141014673821,True,0.0577126833895948,0.0394283312842262,ALGN
2025-02-21,197.3000030517578,2025-03-03,175.08999633789062,-0.1125697231136931,-112.56972311369316,10,stop_loss,0.083603509083506,True,0.0531170581117012,0.0304864509718047,ALGN
2025-03-04,173.0,2025-03-13,160.50999450683594,-0.0721965635443009,-72.19656354430093,9,stop_loss,0.0643671820222826,True,0.0328323276056719,0.0315348544166106,ALGN
2025-03-14,163.74000549316406,2025-04-08,144.32000732421875,-0.1186026475964425,-118.60264759644257,25,stop_loss,0.0686027905775705,True,0.0342616368764307,0.0343411537011397,ALGN
2025-04-21,168.9600067138672,2025-06-03,179.16000366210938,0.0603692977209442,60.36929772094424,43,time_limit,0.1,True,0.1611032205201083,0.0455739683698521,ALGN
2025-08-05,138.6699981689453,2025-09-17,129.44000244140625,-0.0665608700469867,-66.56087004698674,43,time_limit,0.1,True,0.0791086851197478,0.0579407643964507,ALGN
2025-09-25,125.73999786376952,2025-11-06,133.72999572753906,0.0635438046724492,63.54380467244924,42,time_limit,0.053852760817365,True,0.0297438995332379,0.024108861284127,ALGN
2024-09-13,23.979999542236328,2024-10-25,24.81999969482422,0.0350291980243113,35.02919802431137,42,time_limit,0.0836930940701576,True,0.052543797036467,0.0311492970336904,APA
2025-03-04,18.559999465942383,2025-04-04,15.18000030517578,-0.1821120289884116,-182.1120289884116,31,stop_loss,0.0713678651196276,True,0.0301723858866473,0.0411954792329802,APA
2025-04-07,14.850000381469728,2025-05-12,17.709999084472656,0.1925925003053683,192.59250030536836,35,target_reached,0.0831373559610368,True,0.0323232648875622,0.0508140910734745,APA
2025-05-13,17.780000686645508,2025-06-13,21.01000022888184,0.1816647591393161,181.6647591393161,31,target_reached,0.1,True,0.1451069053848912,0.0320093674557361,APA
2025-07-21,18.93000030517578,2025-08-25,22.36000061035156,0.1811938853607919,181.19388536079197,35,target_reached,0.076729042625719,True,0.0464871132555992,0.0302419293701197,APA
2025-04-10,142.22999572753906,2025-05-12,167.99000549316406,0.1811151693695598,181.11516936955985,32,target_reached,0.1,True,0.1300006919721045,0.0497310535645634,AMAT
2024-11-19,51.72999954223633,2024-12-24,59.95000076293945,0.1589020161113994,158.90201611139943,35,target_reached,0.0473712352232001,True,0.0050260646401305,0.0423451705830696,APTV
2025-04-10,52.34999847412109,2025-05-08,61.11000061035156,0.167335289237132,167.33528923713203,28,target_reached,0.1,True,0.0872970358744777,0.0552841636399989,APTV
2025-03-06,83.63999938964844,2025-04-03,71.2699966430664,-0.1478957775807083,-147.89577758070837,28,stop_loss,0.0745783503799173,True,0.0261836735699126,0.0483946768100047,ANET
2025-04-04,67.5199966430664,2025-04-25,77.91000366210938,0.1538804433591438,153.88044335914387,21,target_reached,0.1,True,0.0755331565118614,0.0490789960368091,ANET
2025-02-21,551.6599731445312,2025-04-04,497.1300048828125,-0.0988470632569027,-98.84706325690271,42,time_limit,0.1,True,0.0745567493881935,0.0500933838164795,AXON
2025-11-14,548.9000244140625,2025-11-20,519.6099853515625,-0.0533613367821698,-53.36133678216981,6,stop_loss,0.0495163667637475,True,0.0041173431683438,0.0453990235954037,AXON
2025-11-21,519.6099853515625,2025-12-09,546.6500244140625,0.0520391059155742,52.039105915574254,18,end_of_data,0.0695447257171095,True,0.0209579962623145,0.0485867294547949,AXON
2025-11-17,18.3799991607666,2025-12-09,18.15999984741211,-0.0119694952883401,-11.969495288340129,22,end_of_data,0.083033922342643,True,0.0495103312819822,0.0335235910606608,BAX
2025-04-10,61.290000915527344,2025-05-12,73.37000274658203,0.197095801119401,197.09580111940107,32,target_reached,0.1,True,0.1027900007008238,0.060403469288627,BBY
2025-04-04,53.0099983215332,2025-04-17,48.09999847412109,-0.0926240332555834,-92.62403325558344,13,stop_loss,0.081408491129076,True,0.0501792101798953,0.0312292809491806,TECH
2025-04-21,47.22999954223633,2025-06-03,48.77999877929688,0.0328181082380583,32.81810823805831,43,time_limit,0.0819057324296594,True,0.025831065689766,0.0560746667398934,TECH
2025-04-08,131.0,2025-05-21,137.49000549316406,0.0495420266653745,49.54202666537455,43,time_limit,0.1,True,0.1170992086861879,0.0489714514281139,BX
2024-08-07,148.25,2024-09-19,167.4199981689453,0.1293085879861404,129.30858798614042,43,time_limit,0.1,True,0.133220910623946,0.0544402420527696,AVGO
2025-04-03,160.5399932861328,2025-04-04,146.2899932861328,-0.0887629288398064,-88.7629288398064,1,stop_loss,0.0829178218747729,True,0.0426061830319103,0.0403116388428626,AVGO
2025-04-10,175.3000030517578,2025-05-02,203.63999938964844,0.1616656922106452,161.6656922106452,22,target_reached,0.1,True,0.2122076229357439,0.0560525647498751,AVGO
2024-08-05,140.32000732421875,2024-08-15,164.64999389648438,0.1733892909230654,173.38929092306543,10,target_reached,0.0505031477569745,True,0.0070553409456186,0.0434478068113559,BLDR
2025-02-21,144.55999755859375,2025-03-11,130.0,-0.1007194092729022,-100.71940927290224,18,stop_loss,0.1,True,0.0754011765396325,0.0329931324739615,BLDR
2025-04-07,119.8499984741211,2025-05-06,107.1500015258789,-0.1059657664575145,-105.96576645751456,29,stop_loss,0.079795961182661,True,0.0429703929198707,0.0368255682627903,BLDR
2025-05-07,108.48999786376952,2025-06-20,114.81999969482422,0.0583464093989867,58.34640939898672,44,time_limit,0.07479323369337,True,0.0431376200325159,0.0316556136608541,BLDR
2025-09-24,120.0,2025-10-30,111.69000244140624,-0.069249979654948,-69.24997965494806,36,stop_loss,0.0445035656828764,True,0.0091666539510091,0.0353369117318673,BLDR
2025-11-03,114.86000061035156,2025-11-12,106.41999816894533,-0.073480780050123,-73.48078005012304,9,stop_loss,0.0698163387827071,True,0.035521520193053,0.034294818589654,BLDR
2025-11-13,105.6500015258789,2025-11-17,99.41999816894533,-0.0589683224510654,-58.96832245106543,4,stop_loss,0.0558365083334133,True,0.0208235167615952,0.0350129915718181,BLDR
2025-11-18,98.4800033569336,2025-12-03,114.44000244140624,0.1620633482985047,162.06334829850476,15,target_reached,0.0444358554835876,True,0.0099512928871625,0.0344845625964251,BLDR
2025-03-10,28.14999961853028,2025-03-31,25.0,-0.1119005208247579,-111.900520824758,21,stop_loss,0.095369701013562,True,0.0465363937369311,0.0488333072766309,CZR
2025-04-01,24.809999465942383,2025-05-12,30.07999992370605,0.2124143720759848,212.4143720759848,41,target_reached,0.0690438311797446,True,0.0322450324176238,0.0367987987621207,CZR
2025-08-01,26.31999969482422,2025-08-07,24.13999938964844,-0.0828267602755509,-82.82676027555091,6,stop_loss,0.0673020384792149,True,0.0324847854160295,0.0348172530631853,CZR
2025-08-08,24.13999938964844,2025-09-22,25.739999771118164,0.066280050618221,66.28005061822107,45,time_limit,0.0439914480541411,True,0.0099833980072553,0.0340080500468857,CZR
2025-09-23,25.979999542236328,2025-10-08,23.375,-0.1002694221761365,-100.26942217613654,15,stop_loss,0.0696993081575233,True,0.0392609882885267,0.0304383198689965,CZR
2025-10-09,23.299999237060547,2025-10-10,21.86000061035156,-0.0618025181914406,-61.80251819144067,1,stop_loss,0.0594071468403666,True,0.020386201273585,0.0390209455667815,CZR
2025-10-13,22.200000762939453,2025-10-29,18.725000381469727,-0.156531543335389,-156.531543335389,16,stop_loss,0.057507701115127,True,0.0155405949930897,0.0419671061220373,CZR
2025-10-30,18.6299991607666,2025-11-25,22.01000022888184,0.1814278701221452,181.42787012214524,26,target_reached,0.0636997669336357,True,0.0203971646744274,0.0433026022592083,CZR
2025-04-16,66.7699966430664,2025-05-30,64.45999908447266,-0.0345963407927417,-34.59634079274176,44,time_limit,0.1,True,0.0530177816205968,0.062997181653031,KMX
2025-09-26,44.75,2025-11-06,30.8799991607666,-0.3099441528320312,-309.94415283203125,41,stop_loss,0.0906452324719844,True,0.0446927374301676,0.0459524950418168,KMX
2025-11-07,30.76000022888184,2025-11-24,35.630001068115234,0.1583225228542342,158.3225228542342,17,target_reached,0.065455824677866,True,0.0162548763419881,0.0492009483358779,KMX
2025-11-25,36.09999847412109,2025-12-09,39.02999877929688,0.0811634467872961,81.16344678729615,14,end_of_data,0.1,True,0.1149583902103661,0.0451496057710413,KMX
2024-01-22,17.5,2024-02-07,15.720000267028809,-0.1017142704554966,-101.71427045549665,16,stop_loss,0.0972327063653689,True,0.0634286063058035,0.0338041000595653,CCL
2025-04-04,16.489999771118164,2025-04-09,19.61000061035156,0.189205632658528,189.2056326585281,5,target_reached,0.1,True,0.0533656838481111,0.0523701302416913,CCL
2025-04-15,17.920000076293945,2025-05-12,22.1299991607666,0.2349329836243689,234.93298362436897,27,target_reached,0.1,True,0.159040199181692,0.0630654749416169,CCL
2025-04-16,148.88999938964844,2025-05-07,175.52000427246094,0.1788569077303921,178.8569077303921,21,target_reached,0.1,True,0.0777755516053805,0.040147063885047,CDW
2025-09-17,32.08000183105469,2025-10-03,38.70000076293945,0.2063590571705127,206.35905717051276,16,target_reached,0.1,True,0.1197008055099065,0.0341137188656655,CNC
2025-02-12,152.38999938964844,2025-03-07,175.9199981689453,0.1544064497246478,154.4064497246478,23,target_reached,0.04,True,0.0104994166935098,0.0220234221562826,CRL
2025-03-31,153.72999572753906,2025-04-03,140.97999572753906,-0.0829376202065163,-82.9376202065163,3,stop_loss,0.0733504066426379,True,0.0461197979245148,0.0272306087181231,CRL
2025-04-04,137.99000549316406,2025-04-08,123.61000061035156,-0.1042104812694197,-104.2104812694198,4,stop_loss,0.0703535236163934,True,0.0362345083046445,0.0341190153117488,CRL
2025-04-10,136.27000427246094,2025-04-11,99.75,-0.2679973811363659,-267.997381136366,1,stop_loss,0.1,True,0.2957364187879615,0.083173740603544,CRL
2025-04-14,104.08000183105467,2025-05-07,136.97000122070312,0.3160069063318844,316.00690633188447,23,target_reached,0.1,True,0.1174096945207488,0.0815079876295837,CRL
2025-05-14,146.0,2025-06-27,150.00999450683594,0.027465715800246,27.46571580024604,44,time_limit,0.1,True,0.2199315110298052,0.0382383189547108,CRL
2025-09-23,154.22000122070312,2025-10-17,178.52000427246094,0.1575671304591825,157.56713045918258,24,target_reached,0.0602938869846701,True,0.0280119782779434,0.0322819087067266,CRL
2025-08-04,265.6199951171875,2025-09-16,261.0799865722656,-0.0170921189231966,-17.09211892319662,43,time_limit,0.0634912010061508,True,0.0182967601871174,0.0451944408190333,CHTR
2025-11-13,212.6100006103516,2025-11-19,194.22000122070312,-0.0864963987434986,-86.49639874349869,6,stop_loss,0.0746638154789051,True,0.0383801497515827,0.0362836657273223,CHTR
2025-11-06,31.559999465942383,2025-12-09,33.72999954223633,0.0687579250004637,68.75792500046374,33,end_of_data,0.0722429303170874,True,0.0342205304810453,0.0380223998360421,CMG
2024-07-17,202.1300048828125,2024-07-24,175.0800018310547,-0.1338247781047667,-133.82477810476678,7,stop_loss,0.1,True,0.0809380112558574,0.0358753657300059,CEG
2024-12-10,237.8800048828125,2025-01-10,305.19000244140625,0.2829577777743568,282.9577777743568,31,target_reached,0.0665739232372966,True,0.0301412393718315,0.036432683865465,CEG
2025-02-24,290.010009765625,2025-02-27,249.7400054931641,-0.1388572908397388,-138.85729083973885,3,stop_loss,0.1,True,0.0943416259709516,0.0432953603865833,CEG
2025-03-04,227.5,2025-03-10,202.2100067138672,-0.111164805653331,-111.16480565333109,6,stop_loss,0.0871827687489423,True,0.0274725274725274,0.0597102412764148,CEG
2025-03-11,203.9900054931641,2025-04-04,170.9600067138672,-0.161919691601772,-161.919691601772,24,stop_loss,0.1,True,0.0413255929582925,0.069574800123566,CEG
2025-04-07,161.52999877929688,2025-04-09,215.4499969482422,0.3338079525563406,333.80795255634064,2,target_reached,0.0580399257998024,True,0.0011142987503341,0.0569256270494682,CEG
2025-04-10,209.0,2025-05-01,240.6150054931641,0.1512679688668139,151.26796886681393,21,target_reached,0.1,True,0.2279904014185855,0.0596065532810563,CEG
2024-08-02,217.1499938964844,2024-08-14,256.2200012207031,0.1799217518875153,179.92175188751537,12,target_reached,0.0956570166324559,True,0.0276766966417735,0.0679803199906824,CRWD
2024-09-05,255.3999938964844,2024-09-20,299.8500061035156,0.1740407723934682,174.04077239346827,15,target_reached,0.04,True,0.0106890986404861,0.0283452484547225,CRWD
2024-09-27,283.79998779296875,2024-11-07,330.7799987792969,0.1655391578825573,165.53915788255736,41,target_reached,0.1,True,0.0861521590596026,0.0263852208087245,CRWD
2024-12-17,45.970001220703125,2025-01-21,53.150001525878906,0.1561888212859603,156.18882128596033,35,target_reached,0.0763444664731779,True,0.0443767861943977,0.0319676802787802,CVS
2025-03-06,134.3000030517578,2025-03-10,121.11000061035156,-0.0982129720155178,-98.21297201551782,4,stop_loss,0.0580681592886077,True,0.0263589610162376,0.0317091982723701,DECK
2025-03-11,121.3499984741211,2025-03-28,111.55999755859376,-0.0806757399145343,-80.67573991453436,17,stop_loss,0.0563929017450039,True,0.0168932463794012,0.0394996553656027,DECK
2025-03-31,109.4800033569336,2025-04-03,100.87999725341795,-0.0785532137360039,-78.553213736004,3,stop_loss,0.0520932780022035,True,0.0192729315459773,0.0328203464562262,DECK
2025-04-04,96.33999633789062,2025-04-09,116.05999755859376,0.2046917372878001,204.6917372878001,5,target_reached,0.0760523206651381,True,0.0271953001534114,0.0488570205117266,DECK
2025-04-10,112.0,2025-05-13,129.3699951171875,0.1550892421177454,155.08924211774544,33,target_reached,0.1,True,0.1632142748151506,0.0618590376643118,DECK
2025-10-31,81.45999908447266,2025-12-03,94.97000122070312,0.1658482971773769,165.8482971773769,33,target_reached,0.0531532962913899,True,0.0142400693070466,0.0389132269843433,DECK
2024-04-19,116.36000061035156,2024-05-14,134.1199951171875,0.1526297216713488,152.62972167134882,25,target_reached,0.059494687305756,True,0.0177036571655922,0.0417910301401638,DELL
2024-05-31,143.8000030517578,2024-07-16,134.25999450683594,-0.0663421998780358,-66.3421998780358,46,time_limit,0.1,True,0.088943033890746,0.0625115192207452,DELL
2024-07-17,128.13999938964844,2024-07-24,116.12000274658205,-0.0938036265047571,-93.80362650475716,7,stop_loss,0.0648840418230347,True,0.0270797661716192,0.0378042756514155,DELL
2024-07-25,116.0,2024-08-02,102.29000091552734,-0.1181896472799366,-118.18964727993664,8,stop_loss,0.0884316520316267,True,0.0488792945598735,0.0395523574717531,DELL
2024-08-05,90.4800033569336,2024-08-15,110.20999908447266,0.2180591843007169,218.0591843007169,10,target_reached,0.0546024057696211,True,0.0038683254921521,0.050734080277469,DELL
2024-08-16,108.9000015258789,2024-09-26,126.48999786376952,0.1615242983601845,161.52429836018456,41,target_reached,0.1,True,0.2017447283091377,0.0457114044452684,DELL
2024-12-10,123.1500015258789,2024-12-19,111.95999908447266,-0.0908648177243811,-90.86481772438115,9,stop_loss,0.0899908978835438,True,0.0535931659954886,0.0363977318880552,DELL
2025-01-29,102.0,2025-02-18,120.33999633789062,0.1798038856655943,179.80388566559435,20,target_reached,0.0561129314683076,True,0.0192156772987515,0.0368972541695561,DELL
2025-02-28,100.95999908447266,2025-03-04,94.06999969482422,-0.068244844018705,-68.24484401870501,4,stop_loss,0.0611457390180173,True,0.0194136202678918,0.0417321187501255,DELL
2025-03-06,94.25,2025-04-03,77.2300033569336,-0.1805835187593252,-180.5835187593252,28,stop_loss,0.0688609718137773,True,0.0195225075638262,0.0493384642499511,DELL
2025-04-04,74.66000366210938,2025-04-23,89.16000366210938,0.194213759560246,194.213759560246,19,target_reached,0.1,True,0.0701849080650851,0.0555383911966147,DELL
2025-04-25,94.45999908447266,2025-05-14,111.0199966430664,0.1753122773565205,175.31227735652055,19,target_reached,0.1,True,0.1746771136980909,0.0481233857903074,DELL
2025-04-01,42.33000183105469,2025-04-03,38.709999084472656,-0.0855186059530542,-85.51860595305428,2,stop_loss,0.0755138793221687,True,0.0366171269716476,0.0388967523505211,DAL
2025-04-04,37.27999877929688,2025-04-09,44.27000045776367,0.1875000511627866,187.50005116278663,5,target_reached,0.1,True,0.0681329716738255,0.049185044242003,DAL
2025-04-10,42.220001220703125,2025-05-12,51.13999938964844,0.2112742281156372,211.27422811563724,32,target_reached,0.1,True,0.1771672033625715,0.0690875401981748,DAL
2024-07-26,66.0,2024-08-19,77.69000244140625,0.1771212491122158,177.12124911221582,24,target_reached,0.1,True,0.0554545431426077,0.0717689682330403,DXCM
2025-04-03,64.88999938964844,2025-05-02,81.62000274658203,0.2578209818815693,257.8209818815693,29,target_reached,0.0870511481877356,True,0.0525504681689993,0.0345006800187362,DXCM
2025-04-10,129.25,2025-05-23,135.86000061035156,0.0511412039485614,51.14120394856148,43,time_limit,0.1,True,0.1179883945841392,0.0570077157484425,FANG
2025-03-12,65.7699966430664,2025-03-27,76.94999694824219,0.1699863292657533,169.9863292657533,15,target_reached,0.0990003910544926,True,0.060361830753178,0.0386385603013146,DLTR
2025-04-07,27.21999931335449,2025-05-20,29.790000915527344,0.09441593192517,94.41593192517006,43,time_limit,0.0712102505901285,True,0.03277003015671,0.0384402204334184,DOW
2025-05-21,29.51000022888184,2025-05-30,27.739999771118164,-0.0599796829561306,-59.97968295613065,9,stop_loss,0.0548482345540202,True,0.0288376762301897,0.0260105583238305,DOW
2025-06-02,27.65999984741211,2025-07-16,28.13999938964844,0.0173535627217742,17.35356272177424,44,time_limit,0.0514740977744621,True,0.0291395430334678,0.0223345547409943,DOW
2025-07-30,25.030000686645508,2025-08-01,21.790000915527344,-0.129444653704977,-129.44465370497704,2,stop_loss,0.0926493941670548,True,0.0499400705437025,0.0427093236233522,DOW
2025-08-04,21.8700008392334,2025-09-16,24.479999542236328,0.11934149990158,119.34149990158004,43,time_limit,0.0716039980719942,True,0.0253772420611958,0.0462267560107984,DOW
2025-09-19,24.14999961853028,2025-09-25,22.200000762939453,-0.0807452955028037,-80.74529550280374,6,stop_loss,0.0740083740244999,True,0.0426500536466493,0.0313583203778505,DOW
2025-09-26,22.43000030517578,2025-10-10,20.64999961853028,-0.0793580322080853,-79.35803220808535,14,stop_loss,0.0419764178181007,True,0.0118145067339695,0.0301619110841312,DOW
2025-10-14,21.01499938964844,2025-10-23,24.51000022888184,0.1663098234946876,166.30982349468758,9,target_reached,0.0478837210211496,True,0.0173685358895587,0.0305151851315909,DOW
2025-11-06,22.82999992370605,2025-11-19,21.309999465942383,-0.0665790829103482,-66.57908291034819,13,stop_loss,0.0578977161537077,True,0.0267192559084572,0.0311784602452504,DOW
2025-09-25,63.38999938964844,2025-10-10,58.20000076293945,-0.0818740917602297,-81.87409176022975,15,stop_loss,0.058914921065217,True,0.0336015316078873,0.0253133894573296,EMN
2025-07-17,334.0,2025-07-18,277.0899963378906,-0.1703892325212855,-170.38923252128558,1,stop_loss,0.1,True,0.1126047465615643,0.0350087248572514,ELV
2025-07-21,278.3500061035156,2025-09-02,322.3299865722656,0.1580024411869216,158.00244118692163,43,target_reached,0.054947328857303,True,0.0141908105637413,0.0407565182935616,ELV
2024-02-12,123.5,2024-03-14,110.41000366210938,-0.1059918731813006,-105.99187318130066,31,stop_loss,0.1,True,0.2427530636188955,0.0464604401965531,ENPH
2024-03-15,109.08000183105467,2024-04-29,113.8499984741211,0.0437293414282691,43.72934142826912,45,time_limit,0.0699940894555043,True,0.0234690607353789,0.0465250287201254,ENPH
2024-04-30,111.25,2024-05-28,129.3800048828125,0.1629663360252808,162.96633602528087,28,target_reached,0.1,True,0.1155056042617626,0.0450352669587045,ENPH
2024-06-18,119.5,2024-06-20,108.56999969482422,-0.0914644377002157,-91.46443770021573,2,stop_loss,0.0530662247555095,True,0.0104602510460251,0.0426059737094844,ENPH
2024-06-21,107.83000183105467,2024-06-28,99.70999908447266,-0.0753037430093364,-75.3037430093364,7,stop_loss,0.069041112743703,True,0.0223500289454254,0.0466910837982775,ENPH
2024-07-01,99.5,2024-07-12,119.33999633789062,0.1993969481195037,199.3969481195037,11,target_reached,0.0715804425103214,True,0.0263316858952969,0.0452487566150245,ENPH
2024-07-15,114.66000366210938,2024-08-06,101.52999877929688,-0.1145125105830731,-114.5125105830731,22,stop_loss,0.1,True,0.1696319898519607,0.0368404232500747,ENPH
2024-08-09,107.91999816894533,2024-09-23,117.0,0.0841364157256583,84.13641572565834,45,time_limit,0.1,True,0.1032246069186281,0.0506013069241074,ENPH
2024-10-23,76.8499984741211,2024-11-05,89.94000244140625,0.1703318702302012,170.33187023020125,13,target_reached,0.0476116031634145,True,0.002212077713997,0.0453995254494174,ENPH
2024-11-06,77.18000030517578,2024-11-08,66.9000015258789,-0.1331951119285949,-133.1951119285949,2,stop_loss,0.1,True,0.0751490415758505,0.055168328193553,ENPH
2024-11-11,66.23999786376953,2024-11-15,59.52000045776367,-0.1014492394735027,-101.4492394735027,4,stop_loss,0.1,True,0.0564613222280182,0.0708731538338011,ENPH
2024-11-18,59.27999877929688,2024-11-25,71.91000366210938,0.2130567669178737,213.05676691787377,7,target_reached,0.0820712615991419,True,0.0160255898752476,0.0660456717238943,ENPH
2024-11-26,70.88999938964844,2025-01-13,66.87000274658203,-0.0567075282504998,-56.70752825049985,48,time_limit,0.1,True,0.1771758734198522,0.0461322210480014,ENPH
2025-01-14,67.86000061035156,2025-01-22,60.9900016784668,-0.1012378259666092,-101.23782596660924,8,stop_loss,0.0949586088889871,True,0.0557028992823242,0.0392557096066629,ENPH
2025-01-23,60.70000076293945,2025-03-03,52.869998931884766,-0.1289950862049299,-128.99508620492995,39,stop_loss,0.0710334402116889,True,0.0304777967967982,0.0405556434148907,ENPH
2025-03-10,61.52000045776367,2025-04-08,49.52000045776367,-0.1950585161038572,-195.05851610385727,29,stop_loss,0.1,True,0.1607607171010731,0.0471245705819089,ENPH
2025-04-09,48.5,2025-04-30,44.59000015258789,-0.0806185535548889,-80.61855355488889,21,stop_loss,0.080006026468238,True,0.0210309372734777,0.0589750891947602,ENPH
2025-05-01,44.7400016784668,2025-05-22,38.0099983215332,-0.150424745293935,-150.42474529393502,21,stop_loss,0.0735957133431787,True,0.0210103354077134,0.0525853779354652,ENPH
2025-05-23,37.77000045776367,2025-06-03,43.75,0.1583267002848851,158.32670028488516,11,target_reached,0.0752572680696222,True,0.0047656950753036,0.0704915729943185,ENPH
2025-06-04,44.06999969482422,2025-06-17,34.91999816894531,-0.207624270234645,-207.62427023464505,13,stop_loss,0.1,True,0.1470387925370775,0.0483086406643422,ENPH
2025-06-18,34.81999969482422,2025-06-26,43.0,0.2349224691805982,234.92246918059823,8,target_reached,0.1,True,0.0519816596540654,0.0623478459596348,ENPH
2025-06-27,42.47999954223633,2025-07-23,36.47999954223633,-0.1412429393751385,-141.24293937513855,26,stop_loss,0.1,True,0.2229284680497099,0.0629411985014382,ENPH
2025-07-24,36.650001525878906,2025-07-31,32.36000061035156,-0.1170532261096397,-117.05322610963977,7,stop_loss,0.0965216105467066,True,0.0442019830596223,0.0523196274870843,ENPH
2025-08-01,32.45000076293945,2025-08-22,38.18000030517578,0.1765793345922031,176.5793345922031,21,target_reached,0.0912495855887924,True,0.0406780145188902,0.0505715710699021,ENPH
2025-08-25,37.59999847412109,2025-10-07,36.27000045776367,-0.0353722891045543,-35.37228910455437,43,time_limit,0.1,True,0.1675531779980426,0.0431037712490193,ENPH
2025-10-17,37.11000061035156,2025-10-29,31.13999938964844,-0.1608731102806242,-160.87311028062425,12,stop_loss,0.1,True,0.0953921007088285,0.040032050491374,ENPH
2025-10-30,30.68000030517578,2025-11-17,27.530000686645508,-0.1026727375227196,-102.67273752271966,18,stop_loss,0.0736257638293869,True,0.0234680969211613,0.0501576669082255,ENPH
2025-11-18,27.239999771118164,2025-12-09,31.549999237060547,0.1582231828985607,158.22318289856074,21,target_reached,0.0523401591551341,True,0.0018355079838715,0.0505046511712626,ENPH
2024-05-24,186.69000244140625,2024-06-18,170.25,-0.0880604329445334,-88.06043294453347,25,stop_loss,0.0802971812947197,True,0.0388344309025088,0.0414627503922109,EPAM
2025-03-10,195.5800018310547,2025-03-13,180.16000366210932,-0.0788424073247805,-78.84240732478054,3,stop_loss,0.0728394999356942,True,0.0311381341695212,0.0417013657661729,EPAM
2025-04-03,162.7100067138672,2025-04-04,144.6699981689453,-0.1108721516842294,-110.87215168422948,1,stop_loss,0.0925066867616925,True,0.0614590350155012,0.0310476517461913,EPAM
2025-04-07,141.02999877929688,2025-05-08,179.7100067138672,0.2742679449008725,274.26794490087246,31,target_reached,0.0583517802957634,True,0.0204212217807611,0.0379305585150022,EPAM
2025-09-25,154.80999755859375,2025-10-10,142.3800048828125,-0.0802919247581323,-80.2919247581323,15,stop_loss,0.0614273737371469,True,0.0336541020427715,0.0277732716943754,EPAM
2024-04-10,143.77999877929688,2024-05-01,127.37000274658205,-0.1141326761165457,-114.13267611654577,21,stop_loss,0.0487905296846028,True,0.023160396851625,0.0256301328329777,EL
2024-11-01,68.0199966430664,2024-12-04,79.29000091552734,0.1656866337644804,165.68663376448046,33,target_reached,0.1,True,0.0685092070375728,0.0452919269725886,EL
2024-12-27,74.12000274658203,2025-01-30,85.4800033569336,0.1532649782703281,153.26497827032816,34,target_reached,0.04,True,0.0089045283007603,0.0229879028223106,EL
2025-04-04,53.0,2025-05-08,61.2400016784668,0.1554717297823924,155.47172978239243,34,target_reached,0.0671195112578506,True,0.0286792539200692,0.0384402573377813,EL
2025-05-21,160.9499969482422,2025-07-07,177.8000030517578,0.104690937701193,104.69093770119308,47,time_limit,0.1,True,0.0770425233401646,0.0304402968159996,EXPE
2025-09-25,286.8999938964844,2025-10-29,266.8900146484375,-0.0697454850949443,-69.74548509494439,34,stop_loss,0.0506032511632049,True,0.0170442113450295,0.0335590398181753,FDS
2024-07-15,220.22000122070312,2024-08-26,233.19000244140625,0.0588956550213832,58.89565502138328,42,time_limit,0.0923766649294627,True,0.0499954338652545,0.0423812310642081,FSLR
2024-08-29,231.0,2024-09-06,208.6499938964844,-0.0967532731753921,-96.75327317539217,8,stop_loss,0.0921449120401969,True,0.0597835392146915,0.0323613728255053,FSLR
2024-09-09,209.57000732421875,2024-09-18,241.8099975585937,0.1538387608323053,153.8387608323053,9,target_reached,0.0596387040768987,True,0.0246696246936518,0.0349690793832469,FSLR
2024-10-15,206.0,2024-10-23,192.41000366210932,-0.0659708560091779,-65.97085600917796,8,stop_loss,0.0597120483144204,True,0.0200970844157689,0.0396149638986514,FSLR
2024-11-12,190.5500030517578,2024-12-26,183.7100067138672,-0.035896070471501,-35.896070471501005,44,time_limit,0.1,True,0.0901601031719943,0.0507996838425502,FSLR
2024-12-27,184.0399932861328,2025-01-27,164.30999755859375,-0.1072049361405061,-107.2049361405062,31,stop_loss,0.0895611945709177,True,0.0580308251760079,0.0315303693949097,FSLR
2025-02-27,155.8800048828125,2025-02-28,136.17999267578125,-0.1263793404538402,-126.37934045384026,1,stop_loss,0.1,True,0.0964845270323711,0.0431743688460182,FSLR
2025-03-04,125.48999786376952,2025-04-15,126.81999969482422,0.0105984688317433,10.598468831743311,42,time_limit,0.0539657059781633,True,0.004223434443534,0.0497422715346293,FSLR
2025-04-16,126.05999755859376,2025-05-12,156.2100067138672,0.2391719001998191,239.1719001998192,26,target_reached,0.1,True,0.0753609406948014,0.0564485498905551,FSLR
2025-10-29,71.36000061035156,2025-11-05,64.0,-0.1031390211238859,-103.13902112388595,7,stop_loss,0.1,True,0.0669842872535441,0.0742059115427724,FI
2025-11-06,63.79999923706055,2025-12-09,66.20999908447266,0.037774292730903,37.77429273090305,33,end_of_data,0.1,True,0.0387146933470662,0.0829708710761711,FI
2025-08-05,242.4900054931641,2025-09-17,253.9199981689453,0.0471359330976774,47.13593309767749,43,time_limit,0.0928311645902056,True,0.0473834188332681,0.0454477457569375,IT
2025-10-09,244.009994506836,2025-11-04,227.1699981689453,-0.0690135515634334,-69.01355156343347,26,stop_loss,0.04,True,0.0077865412862469,0.0248773024857409,IT
2025-03-10,275.9700012207031,2025-03-17,331.9599914550781,0.202884335205687,202.88433520568705,7,target_reached,0.1,True,0.0344240314453689,0.0663426561626975,GEV
2025-04-03,306.9549865722656,2025-04-04,271.4800109863281,-0.1155706117762831,-115.57061177628314,1,stop_loss,0.1,True,0.0617516815215611,0.0475635028945211,GEV
2025-04-07,257.0199890136719,2025-04-09,326.8099975585937,0.271535333935484,271.535333935484,2,target_reached,0.0772508858000572,True,0.0185588250625057,0.0586920607375515,GEV
2025-04-10,312.0400085449219,2025-04-24,360.489990234375,0.1552684923814125,155.2684923814125,14,target_reached,0.1,True,0.1916100721305883,0.0634441588543366,GEV
2024-01-25,114.77999877929688,2024-03-08,117.0999984741211,0.0202125781451278,20.212578145127893,43,time_limit,0.0454070380477546,True,0.0183829990659673,0.0270240389817872,GNRC
2025-03-03,136.67999267578125,2025-04-03,115.63999938964844,-0.153936160474063,-153.936160474063,31,stop_loss,0.0786290295600609,True,0.0485073893715405,0.0301216401885203,GNRC
2025-04-04,112.0,2025-05-13,129.07000732421875,0.1524107796805245,152.4107796805245,39,target_reached,0.0936467674335832,True,0.0588392530168805,0.0348075144167026,GNRC
2025-11-14,150.91000366210938,2025-11-17,140.50999450683594,-0.0689153064932611,-68.91530649326117,3,stop_loss,0.0513215355419878,True,0.0076204965036534,0.0437010390383343,GNRC
2025-11-20,152.1999969482422,2025-12-09,160.11000061035156,0.0519711157734075,51.97111577340752,19,end_of_data,0.1,True,0.0959263543854833,0.0394010840620695,GNRC
2025-04-17,75.26000213623047,2025-04-21,67.47000122070312,-0.1035078487165921,-103.50784871659214,4,stop_loss,0.1,True,0.0902205782991681,0.0685646494850833,GPN
2025-04-22,68.37999725341797,2025-05-02,78.8499984741211,0.1531149698924532,153.11496989245322,10,target_reached,0.1,True,0.0358291466313231,0.069164853960902,GPN
2025-11-17,73.91999816894531,2025-12-09,77.5,0.0484307619011643,48.43076190116435,22,end_of_data,0.0516559614727909,True,0.0224566568429952,0.0291993046297956,GPN
2024-04-11,98.4800033569336,2024-04-12,59.09000015258789,-0.3999797102116204,-399.9797102116204,1,stop_loss,0.1,True,0.604488226693413,0.1038743176403072,GL
2024-05-21,84.48999786376953,2024-07-05,81.4800033569336,-0.0356254536979537,-35.62545369795378,45,time_limit,0.0792967155336745,True,0.0428452504286285,0.0364514651050459,GL
2025-05-06,20.0,2025-06-13,23.190000534057617,0.1595000267028807,159.50002670288077,38,target_reached,0.0667497444950427,True,0.031999969482422,0.0347497750126207,HAL
2025-04-03,15.130000114440918,2025-04-04,12.789999961853027,-0.1546596255709518,-154.65962557095182,1,stop_loss,0.1,True,0.1011235770917722,0.0330435370839476,HPE
2025-04-07,12.34000015258789,2025-04-09,14.5,0.1750405041088369,175.04050410883698,2,target_reached,0.0760552942766864,True,0.0303889785545388,0.0456663157221475,HPE
2025-04-10,13.9399995803833,2025-04-24,16.18000030517578,0.1606887225409003,160.6887225409004,14,target_reached,0.1,True,0.1416785858856607,0.0597122576243823,HPE
2024-10-15,251.2400054931641,2024-11-13,289.4200134277344,0.151966275671846,151.96627567184606,29,target_reached,0.1,True,0.1509712112134243,0.0455253253074406,HUM
2024-12-30,188.259994506836,2025-02-06,159.75,-0.1514394738060014,-151.43947380600142,38,stop_loss,0.04,True,0.0100923932429807,0.0218766825803329,HII
2024-02-28,166.8300018310547,2024-04-11,179.64999389648438,0.0768446437974161,76.84464379741618,43,time_limit,0.059538410114666,True,0.0287119132790792,0.0308264968355868,PODD
2024-04-17,172.7100067138672,2024-05-30,175.9499969482422,0.0187597134411716,18.759713441171662,43,time_limit,0.0887135676129512,True,0.0638643599635754,0.0248492076493758,PODD
2024-08-05,20.200000762939453,2024-09-17,21.46999931335449,0.0628712129924804,62.87121299248044,43,time_limit,0.1,True,0.045049495695152,0.0685426447750328,INTC
2024-09-18,21.36000061035156,2024-10-30,22.299999237060547,0.0440074250865631,44.00742508656319,42,time_limit,0.1,True,0.1334269803385933,0.0384827059670821,INTC
2024-11-11,25.959999084472656,2024-12-03,22.46999931335449,-0.1344375922264814,-134.43759222648143,22,stop_loss,0.1,True,0.1729583948176543,0.0316937678961464,INTC
2024-12-04,22.530000686645508,2024-12-05,20.799999237060547,-0.0767865688797074,-76.78656887970747,1,stop_loss,0.0646711538855029,True,0.0319574433537368,0.0327137105317661,INTC
2024-12-06,20.950000762939453,2024-12-18,19.299999237060547,-0.078759019846804,-78.759019846804,12,stop_loss,0.0492836667440632,True,0.0138425252967224,0.0354411414473407,INTC
2024-12-19,19.530000686645508,2025-02-05,19.64999961853028,0.0061443383341417,6.144338334141741,48,time_limit,0.0621122810664551,True,0.0256016376047491,0.036510643461706,INTC
2025-02-06,19.51000022888184,2025-02-12,22.479999542236328,0.1522295888524807,152.22958885248073,6,target_reached,0.0686528792207549,True,0.0374166854778232,0.0312361937429316,INTC
2025-02-13,22.84000015258789,2025-02-18,27.38999938964844,0.1992118741971642,199.21187419716424,5,target_reached,0.1,True,0.1777582941689413,0.0306376170379638,INTC
2025-03-10,20.239999771118164,2025-03-13,23.700000762939453,0.1709486675369731,170.94866753697312,3,target_reached,0.0846032267667467,True,0.0291502054970276,0.0554530212697191,INTC
2025-04-04,21.700000762939453,2025-04-08,18.1299991607666,-0.1645161970809656,-164.51619708096564,4,stop_loss,0.1,True,0.0921658953770968,0.0481198209977708,INTC
2025-04-10,20.68000030517578,2025-05-23,20.049999237060547,-0.0304642678345394,-30.464267834539484,43,time_limit,0.1,True,0.1455512661732647,0.0648893334099964,INTC
2025-11-13,37.27000045776367,2025-11-20,33.619998931884766,-0.0979340349087272,-97.9340349087272,7,stop_loss,0.0860389412631637,True,0.0488328326393968,0.0372061086237668,INTC
2025-11-21,33.5099983215332,2025-11-28,40.560001373291016,0.2103850613214608,210.38506132146085,7,target_reached,0.0583155664967776,True,0.0185019087716981,0.0398136577250794,INTC
2025-04-21,12.579999923706056,2025-05-08,14.75,0.1724960325480402,172.49603254804023,17,target_reached,0.1,True,0.0779013949268468,0.05885977788267,IVZ
2025-04-10,152.0,2025-05-23,137.0,-0.0986842105263158,-98.68421052631582,43,time_limit,0.1,True,0.1054605182848478,0.0495204559457756,IQV
2025-04-16,128.0,2025-05-12,148.72000122070312,0.1618750095367431,161.87500953674316,26,target_reached,0.0941671618046239,True,0.0407031178474426,0.0534640439571812,JBHT
2025-04-03,111.12000274658205,2025-04-04,92.79000091552734,-0.1649568158566169,-164.9568158566169,1,stop_loss,0.1,True,0.0835133745438722,0.0405115855623312,KKR
2025-04-07,89.77999877929688,2025-04-09,110.45999908447266,0.2303408396786985,230.34083967869856,2,target_reached,0.0939870773924543,True,0.0404321374779862,0.053554939914468,KKR
2025-04-10,106.37000274658205,2025-05-12,125.22000122070312,0.1772116008968212,177.2116008968212,32,target_reached,0.1,True,0.190091197692978,0.0698000832066074,KKR
2025-04-16,638.25,2025-05-12,760.469970703125,0.1914923160252644,191.4923160252644,26,target_reached,0.1,True,0.1361848537566098,0.0594934118573872,KLAC
2024-08-05,74.06800079345703,2024-08-15,89.01000213623047,0.2017335581183037,201.73355811830373,10,target_reached,0.0851153505333561,True,0.0279202998771868,0.0571950506561693,LRCX
2025-04-07,57.91999816894531,2025-04-09,71.11000061035156,0.2277279499031177,227.72794990311772,2,target_reached,0.0719283802460539,True,0.0276242839209714,0.0443040963250824,LRCX
2025-04-10,68.0,2025-05-12,82.25,0.2095588235294117,209.55882352941168,32,target_reached,0.1,True,0.171764710370232,0.0580955314514532,LRCX
2025-11-18,145.25,2025-12-09,165.80999755859375,0.1415490365479776,141.5490365479777,21,end_of_data,0.0559586438685432,True,0.0189328743545611,0.0370257695139821,LRCX
2024-07-25,55.119998931884766,2024-09-06,63.02000045776367,0.1433236879347807,143.3236879347808,43,time_limit,0.0923578579228338,True,0.0386429117324573,0.0537149461903764,LW
2025-01-07,63.209999084472656,2025-02-10,58.4900016784668,-0.0746716892005985,-74.67168920059852,34,stop_loss,0.069957529735266,True,0.0248378376453715,0.0451196920898944,LW
2025-02-12,57.65999984741211,2025-02-24,52.290000915527344,-0.0931321357283316,-93.13213572833168,12,stop_loss,0.044398407358008,True,0.0211585366620129,0.0232398706959951,LW
2025-03-04,49.43000030517578,2025-04-03,59.56999969482422,0.2051385661955314,205.13856619553135,30,target_reached,0.04,True,0.0030346252266397,0.0277839338516183,LW
2025-04-07,32.36000061035156,2025-05-02,38.06999969482422,0.1764523787631233,176.45237876312336,25,target_reached,0.0674494146964178,True,0.0290482236195299,0.0384011910768879,LVS
2024-08-02,240.0,2024-09-16,265.29998779296875,0.1054166158040363,105.41661580403638,45,time_limit,0.0549011666126266,True,0.0221249898274739,0.0327761767851526,LULU
2025-04-03,243.97999572753903,2025-05-08,282.42999267578125,0.1575948750781217,157.59487507812176,35,target_reached,0.0530056957520829,True,0.0038117578984622,0.0491939378536207,LULU
2025-09-12,165.25999450683594,2025-10-24,178.1699981689453,0.0781193518772345,78.11935187723451,42,time_limit,0.0716224654769608,True,0.0333413692967781,0.0382810961801826,LULU
2025-05-20,59.13999938964844,2025-07-03,62.0099983215332,0.0485288968803594,48.52889688035944,44,time_limit,0.0912000151817327,True,0.0672979300526162,0.0239020851291165,LYB
2025-08-08,50.27999877929688,2025-08-22,58.77000045776367,0.1688544527563236,168.8544527563236,14,target_reached,0.0732101786849912,True,0.0274462467565969,0.0457639319283942,LYB
2025-11-06,44.0,2025-12-09,42.77999877929688,-0.0277273004705254,-27.727300470525407,33,end_of_data,0.0679125263133068,True,0.0384090596979314,0.0295034666153754,LYB
2024-02-20,216.5,2024-04-03,214.94000244140625,-0.00720553144847,-7.205531448470026,43,time_limit,0.0600284712907804,True,0.0208776178866557,0.0391508534041247,MKTX
2025-04-07,26.059999465942383,2025-04-22,30.280000686645508,0.1619340486256806,161.93404862568062,15,target_reached,0.061605973822996,True,0.0203376358464445,0.0412683379765514,MGM
2024-12-16,57.93999862670898,2025-01-31,54.29999923706055,-0.0628236015865294,-62.82360158652944,46,time_limit,0.0817390799912733,False,,,MCHP
2025-02-03,53.0,2025-02-19,63.59000015258789,0.1998113236337337,199.81132363373376,16,target_reached,0.0609437662764542,True,0.0307547371342497,0.0301890291422045,MCHP
2025-03-20,52.27999877929688,2025-03-28,48.70000076293945,-0.0684773928834735,-68.47739288347354,8,stop_loss,0.0670343648044874,True,0.0252486558080592,0.0417857089964281,MCHP
2025-03-31,48.18000030517578,2025-04-03,40.709999084472656,-0.1550436109046817,-155.04361090468177,3,stop_loss,0.0473846589977241,True,0.015359104893723,0.0320255541040011,MCHP
2025-04-04,38.93000030517578,2025-04-09,44.900001525878906,0.1533522007167671,153.35220071676713,5,target_reached,0.1,True,0.0726946264800939,0.0570472147535164,MCHP
2025-04-10,41.369998931884766,2025-05-02,47.90999984741211,0.1580855954648532,158.08559546485324,22,target_reached,0.1,True,0.1750059959075683,0.0816477809413788,MCHP
2025-05-05,47.22999954223633,2025-05-09,55.33000183105469,0.1715012146374208,171.50121463742084,4,target_reached,0.1,True,0.1619732751498437,0.0332550941709928,MCHP
2025-11-20,51.119998931884766,2025-12-03,63.61000061035156,0.2443271114913205,244.32711149132055,13,target_reached,0.0866132502761321,True,0.0498826152257615,0.0367306350503706,MCHP
2024-08-05,87.62999725341797,2024-08-15,106.9499969482422,0.220472444372588,220.4724443725881,10,target_reached,0.081281249009348,True,0.0310395261504187,0.0502417228589292,MU
2024-08-26,100.66999816894533,2024-09-03,88.58000183105469,-0.1200953268877694,-120.09532688776947,8,stop_loss,0.0924217584950315,True,0.0572165949299956,0.0352051635650358,MU
2024-09-04,88.36000061035156,2024-09-26,109.87999725341795,0.2435490775737419,243.5490775737419,22,target_reached,0.0434888000955464,True,0.0062245704839139,0.0372642296116324,MU
2024-09-27,110.5,2024-11-08,111.9000015258789,0.0126696970667774,12.669697066777452,42,time_limit,0.1,True,0.2224434554846578,0.0324318984022171,MU
2025-04-03,82.91999816894531,2025-04-04,64.72000122070312,-0.2194886318154592,-219.4886318154592,1,stop_loss,0.1,True,0.1050409946551912,0.0477415620985947,MU
2025-04-07,63.93999862670898,2025-04-09,77.87000274658203,0.2178605633259149,217.86056332591497,2,target_reached,0.1,True,0.0375351542497391,0.0634441841639065,MU
2025-04-10,72.5,2025-05-08,85.1500015258789,0.1744827796672952,174.4827796672952,28,target_reached,0.1,True,0.15117240116514,0.0763995083922402,MU
2025-11-19,226.91000366210932,2025-11-20,201.3699951171875,-0.1125556746407415,-112.55567464074156,1,stop_loss,0.1,True,0.0464942174496093,0.0554731773741326,MU
2025-11-21,204.52999877929688,2025-11-28,236.47999572753903,0.1562117886810266,156.21178868102658,7,target_reached,0.1,True,0.0583777563813041,0.0666691426279861,MU
2025-12-04,230.27999877929688,2025-12-09,252.4199981689453,0.0961438227679847,96.14382276798472,5,end_of_data,0.1,True,0.1636703258693725,0.0517845366116598,MU
2024-02-29,96.79000091552734,2024-03-11,111.9800033569336,0.1569377239149239,156.93772391492388,11,target_reached,0.1,True,0.1238764102733473,0.0436923118451989,MRNA
2024-06-14,142.6699981689453,2024-06-26,122.4499969482422,-0.1417256709904715,-141.7256709904715,12,stop_loss,0.086634496680972,True,0.036097245129182,0.0505372515517899,MRNA
2024-07-01,117.0500030517578,2024-08-01,94.16999816894533,-0.1954720571232729,-195.47205712327295,31,stop_loss,0.0561533691356848,True,0.0163178437617364,0.0398355253739484,MRNA
2024-08-02,91.16999816894533,2024-08-07,81.55000305175781,-0.1055171142963159,-105.51711429631594,5,stop_loss,0.1,True,0.0739278051895952,0.0566806371469555,MRNA
2024-08-08,82.5,2024-09-03,72.94000244140625,-0.1158787582859848,-115.87875828598482,26,stop_loss,0.1,True,0.05369697339607,0.0600740755993325,MRNA
2024-09-04,72.4000015258789,2024-09-13,68.27999877929688,-0.0569061140849473,-56.90611408494739,9,stop_loss,0.0471656675406825,True,0.010773463575385,0.0363922039652975,MRNA
2024-09-16,68.12000274658203,2024-10-03,61.06999969482422,-0.1034938750367497,-103.49387503674978,17,stop_loss,0.1,True,0.0588667347995912,0.0441141340529042,MRNA
2024-10-04,61.5099983215332,2024-10-10,56.83000183105469,-0.0760851344201737,-76.08513442017373,6,stop_loss,0.0656024219633039,True,0.0307267020195445,0.0348757199437593,MRNA
2024-10-11,56.709999084472656,2024-10-21,53.79999923706055,-0.0513136994249904,-51.313699424990425,10,stop_loss,0.0465697204816213,True,0.0178098807589249,0.0287598397226963,MRNA
2024-10-22,53.66999816894531,2024-11-07,50.27999877929688,-0.0631637694299375,-63.16376942993751,16,stop_loss,0.0445169719039571,True,0.0160237902924302,0.0284931816115268,MRNA
2024-11-08,50.41999816894531,2024-11-11,42.75,-0.1521221429490138,-152.12214294901383,3,stop_loss,0.1,True,0.0763585603716341,0.0423721139112476,MRNA
2024-11-12,42.18999862670898,2024-11-15,36.84999847412109,-0.1265702850534659,-126.57028505346592,3,stop_loss,0.0650601512009678,True,0.0154064406811841,0.0496537105197836,MRNA
2024-11-18,38.310001373291016,2024-12-02,44.2599983215332,0.1553118437732661,155.31184377326613,14,target_reached,0.1,True,0.0655181948904964,0.0589272374844525,MRNA
2024-12-03,43.97999954223633,2024-12-18,38.36000061035156,-0.1277853340241075,-127.78533402410751,15,stop_loss,0.1,True,0.1823556284956674,0.0486508647815686,MRNA
2024-12-19,38.560001373291016,2025-01-07,47.52999877929688,0.2326244057713915,232.62440577139157,19,target_reached,0.0798898046290032,True,0.0290457133478688,0.0508440912811344,MRNA
2025-01-08,47.59999847412109,2025-01-10,42.25,-0.1123949295298768,-112.39492952987683,2,stop_loss,0.1,True,0.1859243436516622,0.0440360341401218,MRNA
2025-01-13,33.29999923706055,2025-01-22,38.5,0.15615618264496,156.15618264496,9,target_reached,0.1,True,0.0408408028276873,0.0636394992869361,MRNA
2025-01-23,38.400001525878906,2025-01-28,44.93999862670898,0.1703124177331756,170.31241773317564,5,target_reached,0.1,True,0.1682291858105188,0.0638901563800925,MRNA
2025-01-29,43.27999877929688,2025-02-03,36.54999923706055,-0.1554990695946057,-155.4990695946057,5,stop_loss,0.1,True,0.2296672575569438,0.0717465244755166,MRNA
2025-02-04,36.650001525878906,2025-02-07,32.599998474121094,-0.1105048535645508,-110.50485356455088,3,stop_loss,0.1,True,0.076671248466575,0.0744700965133292,MRNA
2025-02-10,33.0,2025-03-25,33.849998474121094,0.025757529518821,25.757529518821045,43,time_limit,0.1,True,0.040606065229936,0.0775247683649587,MRNA
2025-03-26,33.845001220703125,2025-03-31,28.350000381469727,-0.162357826593077,-162.35782659307708,5,stop_loss,0.1,True,0.0754912162216994,0.0499875090994189,MRNA
2025-04-01,28.700000762939453,2025-04-03,25.729999542236328,-0.1034843603397499,-103.48436033974994,2,stop_loss,0.1,True,0.0661324274114302,0.0531729853760373,MRNA
2025-04-04,25.19499969482422,2025-05-19,26.38999938964844,0.0474300341059226,47.430034105922616,45,time_limit,0.1,True,0.0569160560677988,0.0568612345794171,MRNA
2025-05-20,26.81999969482422,2025-07-03,30.489999771118164,0.1368381848640434,136.83818486404343,44,time_limit,0.1,True,0.136651716997819,0.0482295929100016,MRNA
2025-07-07,30.350000381469727,2025-08-06,26.709999084472656,-0.1199341433688904,-119.93414336889042,30,stop_loss,0.1,True,0.171004957786636,0.0318095999090596,MRNA
2025-08-07,26.88500022888184,2025-08-26,24.729999542236328,-0.0801562457987429,-80.15624579874292,19,stop_loss,0.0688221546003018,True,0.0232471636480991,0.0455749909522026,MRNA
2025-08-27,24.75,2025-10-03,28.489999771118164,0.1511111018633602,151.11110186336018,37,target_reached,0.0557599224496745,True,0.0189898712466461,0.0367700512030284,MRNA
2025-10-06,28.489999771118164,2025-10-28,25.350000381469727,-0.1102140896761825,-110.21408967618252,22,stop_loss,0.1,True,0.1607581593717331,0.0370136966089325,MRNA
2025-11-20,24.450000762939453,2025-12-09,28.239999771118164,0.1550101795466392,155.0101795466392,19,target_reached,0.1,True,0.0871166053844801,0.0508377552169371,MRNA
2025-07-17,210.0,2025-07-18,182.97999572753903,-0.1286666870117189,-128.6666870117189,1,stop_loss,0.0928188936078215,True,0.0446190243675595,0.048199869240262,MOH
2025-09-19,179.0,2025-10-23,161.0,-0.1005586592178771,-100.5586592178771,34,stop_loss,0.0726895126659311,True,0.0415083389708449,0.0311811736950861,MOH
2025-11-03,152.5,2025-11-13,138.47999572753906,-0.0919344542456455,-91.9344542456455,10,stop_loss,0.088535705371713,True,0.041770459784836,0.0467652455868769,MOH
2024-11-12,665.0,2024-11-14,576.7899780273438,-0.1326466495829417,-132.6466495829417,2,stop_loss,0.1,True,0.1398496240601503,0.06311381203153,MPWR
2024-11-15,565.5700073242188,2024-12-31,591.7000122070312,0.0462011856081916,46.20118560819164,46,time_limit,0.0809751771407987,True,0.0066835745317521,0.0742916026090466,MPWR
2025-01-13,578.469970703125,2025-01-22,689.4199829101562,0.1917990869468513,191.79908694685133,9,target_reached,0.04,True,0.0035438102179738,0.0277000948784265,MPWR
2025-04-04,476.6000061035156,2025-04-09,561.8400268554688,0.1788502300888332,178.85023008883329,5,target_reached,0.1,True,0.0531053236140675,0.0595043543663003,MPWR
2025-04-10,525.97998046875,2025-05-02,636.8900146484375,0.2108636037456124,210.8636037456124,22,target_reached,0.1,True,0.1656336711514128,0.0843265594083167,MPWR
2025-04-16,80.68000030517578,2025-05-05,93.08999633789062,0.1538175010631317,153.81750106313174,19,target_reached,0.1,True,0.1095687150947872,0.0452871077404908,NTAP
2025-10-28,76.73999786376953,2025-11-10,88.26000213623047,0.1501173389776671,150.1173389776671,13,target_reached,0.0567964377057237,True,0.0089913321764305,0.0478051055292932,NEM
2025-03-10,19.299999237060547,2025-04-03,16.309999465942383,-0.154922274057745,-154.92227405774506,24,stop_loss,0.1,True,0.0523315213191184,0.0598319065028681,NCLH
2025-04-04,15.699999809265137,2025-04-09,18.38999938964844,0.1713375549721878,171.33755497218783,5,target_reached,0.1,True,0.0764331097989551,0.0518983858990126,NCLH
2025-04-10,17.399999618530273,2025-05-23,17.31999969482422,-0.0045976968655135,-4.59769686551359,43,time_limit,0.1,True,0.1833333132367476,0.0661537947085941,NCLH
2025-03-07,91.54000091552734,2025-04-21,93.08999633789062,0.0169324383533009,16.932438353300938,45,time_limit,0.1,True,0.0728643008765135,0.0570560974136496,NRG
2025-04-16,109.3000030517578,2025-05-30,109.36000061035156,0.0005489254978827,0.5489254978827685,44,time_limit,0.1,True,0.1071363804841069,0.0491460619988436,NUE
2024-04-18,84.97000122070312,2024-04-19,76.19999694824219,-0.1032129474693253,-103.2129474693253,1,stop_loss,0.0604547925100052,True,0.030222440350293,0.0302323521597121,NVDA
2024-04-22,78.10399627685547,2024-05-06,92.13999938964844,0.179709154228671,179.70915422867105,14,target_reached,0.0690075524143871,True,0.0319829149379711,0.037024637476416,NVDA
2024-07-19,120.3499984741211,2024-07-25,112.27999877929688,-0.0670544229093572,-67.05442290935726,6,stop_loss,0.0659383758361427,True,0.0314914911805528,0.0344468846555899,NVDA
2024-07-26,116.19000244140624,2024-07-30,103.7300033569336,-0.1072381342857456,-107.23813428574567,4,stop_loss,0.1,True,0.0851191942666142,0.039967705551753,NVDA
2024-08-01,117.52999877929688,2024-08-05,100.4499969482422,-0.1453246150638381,-145.32461506383808,4,stop_loss,0.1,True,0.1275418873433192,0.0508195067293551,NVDA
2024-08-06,103.83999633789062,2024-08-15,122.86000061035156,0.183166457465683,183.16645746568304,9,target_reached,0.1,True,0.1266370797404008,0.0601078986141443,NVDA
2024-08-20,128.39999389648438,2024-09-03,108.0,-0.1588784646900434,-158.87846469004342,14,stop_loss,0.1,True,0.2404984324089089,0.0440485566444621,NVDA
2024-09-04,105.41000366210938,2024-09-25,123.51000213623048,0.1717104434617085,171.7104434617085,21,target_reached,0.0571489625266404,True,0.0122379363505423,0.0449110261760981,NVDA
2025-03-06,113.52999877929688,2025-04-03,101.8000030517578,-0.1033206716609085,-103.32067166090852,28,stop_loss,0.0799019581487046,True,0.0301241804432131,0.0497777777054914,NVDA
2025-04-10,109.37000274658205,2025-04-21,96.91000366210938,-0.1139251967776151,-113.92519677761514,11,stop_loss,0.1,True,0.2080095037824343,0.0586760780500467,NVDA
2025-04-22,98.77999877929688,2025-05-02,114.5,0.159141540949258,159.14154094925803,10,target_reached,0.1,True,0.0437335467524792,0.0661720022721869,NVDA
2025-04-07,156.5399932861328,2025-04-09,185.8699951171875,0.1873642716813179,187.364271681318,2,target_reached,0.0742882250353632,True,0.0266385482802669,0.0476496767550962,NXPI
2025-04-10,176.1199951171875,2025-05-12,207.02999877929688,0.1755053629290777,175.5053629290777,32,target_reached,0.1,True,0.1591528478106426,0.0682365231359569,NXPI
2025-04-25,149.27999877929688,2025-05-12,176.07000732421875,0.1794614734994042,179.46147349940424,17,target_reached,0.0811635802539018,True,0.0293408689618769,0.0518227112920248,ODFL
2024-04-19,61.150001525878906,2024-04-29,70.81999969482422,0.1581356979174062,158.13569791740622,10,target_reached,0.0461625469807442,True,0.0145544265271857,0.0316081204535584,ON
2025-02-10,50.93999862670898,2025-03-03,44.90999984741211,-0.1183745375315971,-118.3745375315971,21,stop_loss,0.1,True,0.0857871819728214,0.033846575075472,ON
2025-03-04,45.09000015258789,2025-03-28,40.93999862670898,-0.0920381794596363,-92.03817945963632,24,stop_loss,0.066468840854639,True,0.0255045802170597,0.0409642606375793,ON
2025-03-31,40.54999923706055,2025-04-03,35.560001373291016,-0.1230579027781815,-123.05790277818151,3,stop_loss,0.0599831446926476,True,0.0293464525055129,0.0306366921871346,ON
2025-04-04,34.459999084472656,2025-04-24,39.959999084472656,0.1596053437644531,159.60534376445312,20,target_reached,0.0819447811666895,True,0.0362739417646484,0.0456708394020411,ON
2025-04-25,39.380001068115234,2025-05-13,45.77000045776367,0.1622650892922961,162.2650892922961,18,target_reached,0.1,True,0.1848654747723847,0.0606412779440387,ON
2025-08-05,48.40999984741211,2025-09-17,49.79999923706055,0.0287130632933216,28.71306329332168,43,time_limit,0.0758883969668085,True,0.02582111142202,0.0500672855447884,ON
2025-09-25,50.310001373291016,2025-10-10,45.7400016784668,-0.0908368032216031,-90.83680322160316,15,stop_loss,0.0872731208555465,True,0.061816746679769,0.0254563741757775,ON
2025-10-13,47.900001525878906,2025-11-24,47.38999938964844,-0.010647225886933,-10.64722588693301,42,time_limit,0.0815845523976113,True,0.0471816714872014,0.0344028809104098,ON
2025-04-21,126.88999938964844,2025-05-02,150.72999572753906,0.1878792375487668,187.8792375487668,11,target_reached,0.1,True,0.0632831493255721,0.049824664535014,ORCL
2025-09-25,295.2699890136719,2025-10-30,256.8900146484375,-0.1299826456912871,-129.98264569128713,35,stop_loss,0.0802028975732179,True,0.0227588358815293,0.0574440616916886,ORCL
2025-11-21,207.0800018310547,2025-12-09,221.52999877929688,0.0697797798941066,69.77977989410667,18,end_of_data,0.1,True,0.0653370613273186,0.045676948663241,ORCL
2024-01-24,17.510000228881836,2024-02-06,21.8700008392334,0.2490006027047313,249.0006027047313,13,target_reached,0.1,True,0.083380980738829,0.0308987153872752,PLTR
2024-04-15,22.790000915527344,2024-04-19,20.46999931335449,-0.1017991008763928,-101.79910087639288,4,stop_loss,0.0806833694701443,True,0.0469504852649584,0.0337328842051859,PLTR
2024-05-13,20.600000381469727,2024-06-06,23.790000915527344,0.1548543919895804,154.8543919895804,24,target_reached,0.0458900006082519,True,0.0048543873600934,0.0410356132481585,PLTR
2025-01-02,76.19999694824219,2025-01-08,68.2300033569336,-0.1045930959383384,-104.59309593833844,6,stop_loss,0.1,True,0.0778215294313417,0.0470928232437796,PLTR
2025-01-13,64.29000091552734,2025-01-22,76.87000274658203,0.1956758695272682,195.67586952726825,9,target_reached,0.0656069471110585,True,0.0138435118521437,0.0517634352589147,PLTR
2025-01-24,79.05000305175781,2025-02-04,103.83000183105467,0.3134724582246027,313.4724582246027,11,target_reached,0.1,True,0.1979759762391419,0.0363597882708558,PLTR
2025-02-19,123.86000061035156,2025-02-20,106.2699966430664,-0.1420152097578391,-142.0152097578391,1,stop_loss,0.1,True,0.1981269239027956,0.05264160885826,PLTR
2025-02-21,107.68000030517578,2025-02-24,90.68000030517578,-0.1578751852880787,-157.87518528807877,3,stop_loss,0.1,True,0.1103268686826606,0.0679989813637047,PLTR
2025-02-25,90.6500015258789,2025-03-06,80.45999908447266,-0.1124103945932885,-112.4103945932885,9,stop_loss,0.1,True,0.0595697896854122,0.0720841853246118,PLTR
2025-03-07,80.0250015258789,2025-03-24,96.75,0.2089971653260447,208.99716532604472,17,target_reached,0.099117470502646,True,0.0180568530743098,0.0810606174283361,PLTR
2025-03-28,89.33999633789062,2025-04-04,74.01000213623047,-0.1715916143949789,-171.59161439497893,7,stop_loss,0.1,True,0.0843966151242718,0.0480769980295353,PLTR
2025-04-07,66.6500015258789,2025-04-08,77.31999969482422,0.1600899913678526,160.08999136785263,1,target_reached,0.0718502064946356,True,0.0079519694998219,0.0638982369948137,PLTR
2025-04-09,78.19000244140625,2025-04-14,92.62000274658205,0.1845504521628491,184.55045216284915,5,target_reached,0.1,True,0.1543675574619555,0.0640394220911756,PLTR
2025-04-15,93.52999877929688,2025-04-24,107.77999877929688,0.1523575343310523,152.35753433105236,9,target_reached,0.1,True,0.2930610113381304,0.0623252323999601,PLTR
2025-05-06,112.70999908447266,2025-05-14,130.17999267578125,0.1549995007826712,154.99950078267122,8,target_reached,0.1,True,0.1320202056098491,0.0494967292382742,PLTR
2025-06-27,144.8699951171875,2025-08-05,173.27000427246094,0.196037896821217,196.0378968212171,39,target_reached,0.1,True,0.0989162857323418,0.0359613669445504,PLTR
2025-09-05,157.82000732421875,2025-09-19,182.38999938964844,0.155683632778917,155.68363277891706,14,target_reached,0.1,True,0.0619694182246126,0.0421440635150135,PLTR
2025-11-17,170.52999877929688,2025-11-20,155.7449951171875,-0.0867003094349657,-86.70030943496576,3,stop_loss,0.0844142475925104,True,0.0353603402478235,0.0490539073446868,PLTR
2025-11-21,156.00999450683594,2025-12-05,181.759994506836,0.1650535280217047,165.0535280217047,14,target_reached,0.1,True,0.0541631770128158,0.0586618400076016,PLTR
2024-03-05,147.94500732421875,2024-04-04,132.60000610351562,-0.1037209805064582,-103.72098050645828,30,stop_loss,0.1,True,0.1209909646767997,0.0534297469313205,PANW
2024-06-10,143.75999450683594,2024-07-23,165.4199981689453,0.1506678108636086,150.6678108636086,43,target_reached,0.04,True,0.0093905877595339,0.0273206872924387,PAYC
2025-03-06,243.509994506836,2025-04-17,267.2200012207031,0.0973676943399608,97.36769433996083,42,time_limit,0.0645135546878311,True,0.0204919319409494,0.0440216227468816,PWR
2025-04-08,202.6300048828125,2025-05-05,237.8099975585937,0.1736168969453806,173.61689694538063,27,target_reached,0.1,True,0.1178996141438421,0.0606108748336707,RL
2025-04-04,179.5,2025-04-09,209.509994506836,0.1671865989238772,167.18659892387723,5,target_reached,0.0902869654174567,True,0.0417827298050139,0.0485042356124428,RCL
2025-04-10,200.82000732421875,2025-05-08,232.83999633789065,0.1594462097692111,159.4462097692111,28,target_reached,0.1,True,0.1832985333874328,0.0591230960270384,RCL
2025-04-10,71.70999908447266,2025-04-24,83.04000091552734,0.157997517441162,157.99751744116207,14,target_reached,0.1,True,0.1188118890885401,0.0585260479099048,STX
2025-10-14,215.3800048828125,2025-10-29,265.6199951171875,0.2332620907020148,233.2620907020149,15,target_reached,0.0668417214605478,True,0.022332609571677,0.0445091118888707,STX
2025-11-04,255.0599975585937,2025-11-10,293.989990234375,0.1526307262934796,152.63072629347965,6,target_reached,0.1,True,0.1805849525581234,0.0530429524291027,STX
2025-11-11,289.2699890136719,2025-11-14,258.2099914550781,-0.1073737295199529,-107.37372951995296,3,stop_loss,0.1,True,0.1701178598681121,0.0511142214139302,STX
2025-11-17,257.5,2025-12-09,282.8599853515625,0.0984853800060678,98.48538000606789,22,end_of_data,0.0919766305920424,True,0.0311456476600425,0.0608309829319998,STX
2025-03-28,65.80999755859375,2025-04-03,56.7599983215332,-0.1375170881749828,-137.51708817498286,6,stop_loss,0.0556096509695952,True,0.0316061099152222,0.0240035410543729,SWKS
2025-04-04,56.130001068115234,2025-04-08,49.20000076293945,-0.1234633916497889,-123.46339164978892,4,stop_loss,0.1,True,0.0728665611038305,0.033261386581467,SWKS
2025-04-09,49.65999984741211,2025-04-14,57.720001220703125,0.1623036930740353,162.30369307403535,5,target_reached,0.0834662626302109,True,0.0348368817469193,0.0486293808832916,SWKS
2025-04-15,57.959999084472656,2025-05-07,66.87999725341797,0.1538992116950353,153.8992116950353,22,target_reached,0.1,True,0.1730503612444653,0.0618311368095661,SWKS
2025-11-14,67.23999786376953,2025-11-17,63.15999984741211,-0.0606781401841153,-60.67814018411533,3,stop_loss,0.0562387685575032,True,0.0120463650256924,0.0441924035318107,SWKS
2025-04-21,24.420000076293945,2025-05-01,28.57999992370605,0.1703521635714688,170.35216357146888,10,target_reached,0.0901081285549557,True,0.0245700401144627,0.0655380884404929,LUV
2025-04-10,61.709999084472656,2025-05-12,72.52999877929688,0.1753362478585212,175.3362478585212,32,target_reached,0.1,True,0.126397656016546,0.0635224997114088,SWK
2025-05-23,64.25,2025-07-09,72.91000366210938,0.13478604921571,134.78604921571002,47,time_limit,0.04,True,0.0020233035551434,0.0331877899355964,SWK
2024-01-24,47.12900161743164,2024-02-01,58.34999847412109,0.2380911216362182,238.09112163621825,8,target_reached,0.1,True,0.3512487064518962,0.0573541000284387,SMCI
2024-02-23,93.81600189208984,2024-02-28,81.65399932861328,-0.1296367604480276,-129.63676044802764,5,stop_loss,0.1,True,0.2618530037162151,0.0957958036751988,SMCI
2024-02-29,83.9000015258789,2024-03-04,107.43399810791016,0.2805005501075253,280.50055010752527,4,target_reached,0.1,True,0.1746126490994177,0.0952808457654346,SMCI
2024-03-15,112.34500122070312,2024-03-18,100.06800079345705,-0.1092794543045824,-109.27945430458242,3,stop_loss,0.1,True,0.1311584890315188,0.0664531765441092,SMCI
2024-03-19,88.86100006103516,2024-03-25,104.27899932861328,0.173506929440228,173.50692944022805,6,target_reached,0.1,True,0.028820258690745,0.0916095752329614,SMCI
2024-03-26,108.6999969482422,2024-04-04,95.79900360107422,-0.1186843947503588,-118.68439475035886,9,stop_loss,0.1,True,0.2134314406585397,0.0708303542334899,SMCI
2024-04-05,96.8000030517578,2024-04-19,71.36499786376953,-0.2627583097739002,-262.75830977390024,14,stop_loss,0.1,True,0.0371694159020851,0.0659163223816048,SMCI
2024-04-22,73.19200134277344,2024-04-26,85.74400329589844,0.1714941759051149,171.49417590511496,4,target_reached,0.1,True,0.0832331779004405,0.0777780161316371,SMCI
2024-04-29,83.9000015258789,2024-05-01,73.83000183105469,-0.1200238320820308,-120.02383208203082,2,stop_loss,0.1,True,0.200238411754687,0.0638747510526751,SMCI
2024-05-02,76.71600341796875,2024-05-15,95.23600006103516,0.2414098208709418,241.40982087094187,13,target_reached,0.1,True,0.1253454887562007,0.0846504622527179,SMCI
2024-05-16,92.4000015258789,2024-05-30,82.79399871826172,-0.1039610676297098,-103.9610676297098,14,stop_loss,0.1,True,0.1746428654882445,0.0533546148459809,SMCI
2024-05-31,81.5999984741211,2024-07-16,87.69599914550781,0.0747058919776821,74.70589197768219,46,time_limit,0.1,True,0.0686151853938231,0.0629580904196597,SMCI
2024-07-17,84.55000305175781,2024-07-24,71.15599822998047,-0.1584151902818752,-158.41519028187523,7,stop_loss,0.0883318817634126,True,0.0363098708931435,0.052022010870269,SMCI
2024-07-25,69.9990005493164,2024-08-02,62.46500015258789,-0.1076301138245622,-107.63011382456224,8,stop_loss,0.1,True,0.0525579054789535,0.060065996246809,SMCI
2024-08-05,53.55899810791016,2024-08-06,61.69400024414063,0.1518886167332731,151.88861673327315,1,target_reached,0.0828982946589089,True,0.0113705888176568,0.071527705841252,SMCI
2024-08-07,53.24599838256836,2024-08-15,62.66899871826172,0.1769710517584783,176.97105175847838,8,target_reached,0.1,True,0.0818464866218721,0.0932786506419666,SMCI
2024-08-16,62.4010009765625,2024-08-27,54.76399993896485,-0.1223858739135621,-122.38587391356216,11,stop_loss,0.1,True,0.2330892414547261,0.0704684090838083,SMCI
2024-08-28,48.59400177001953,2024-09-04,42.34700012207031,-0.1285549948636533,-128.5549948636533,7,stop_loss,0.1,True,0.1867720270616314,0.079832290658648,SMCI
2024-09-05,41.1349983215332,2024-10-07,47.7400016784668,0.1605689467957516,160.56894679575163,32,target_reached,0.1,True,0.0393095133369743,0.077885318344262,SMCI
2024-10-08,50.09000015258789,2024-10-30,33.06999969482422,-0.339788389018089,-339.78838901808905,22,stop_loss,0.1,True,0.2553204517046304,0.0609603979854744,SMCI
2024-10-31,30.059999465942383,2024-11-01,26.049999237060547,-0.1333998769170011,-133.39987691700117,1,stop_loss,0.1,True,0.094477717998817,0.0965978845363404,SMCI
2024-11-04,24.88999938964844,2024-11-12,21.700000762939453,-0.1281638692219368,-128.16386922193678,8,stop_loss,0.1,True,0.0397750018238207,0.1112589907001342,SMCI
2024-11-13,21.01000022888184,2024-11-14,18.010000228881836,-0.1427891464692128,-142.78914646921282,1,stop_loss,0.1,True,0.0385530441274771,0.15,SMCI
2024-11-15,17.799999237060547,2024-11-18,21.540000915527344,0.2101124628522406,210.1124628522406,3,target_reached,0.1,True,0.030898834867106,0.15,SMCI
2024-11-19,27.11000061035156,2024-11-22,33.150001525878906,0.222796044985003,222.79604498500305,3,target_reached,0.1,True,0.3637034447939725,0.1024243235418402,SMCI
2024-11-25,36.02999877929688,2024-12-02,42.0,0.1656952934490114,165.69529344901147,7,target_reached,0.1,True,0.5212322901905846,0.0791228046354722,SMCI
2024-12-03,44.41999816894531,2024-12-11,38.290000915527344,-0.1380008443517573,-138.0008443517573,8,stop_loss,0.1,True,0.4412426673133847,0.0905025401612535,SMCI
2024-12-12,37.810001373291016,2024-12-16,33.439998626708984,-0.1155779578910304,-115.57795789103042,4,stop_loss,0.1,True,0.1772018122081407,0.0909994024728134,SMCI
2024-12-17,33.63999938964844,2025-01-02,30.049999237060547,-0.1067181990999854,-106.71819909998548,16,stop_loss,0.1,True,0.0725326596605055,0.0934488715839856,SMCI
2025-01-03,30.40999984741211,2025-01-06,36.45000076293945,0.1986189064726795,198.6189064726796,3,target_reached,0.0730264414247188,True,0.0167708066899327,0.056255634734786,SMCI
2025-01-07,36.34000015258789,2025-01-08,32.61000061035156,-0.1026417040884547,-102.64170408845474,1,stop_loss,0.1,True,0.1772152038254463,0.054584270608459,SMCI
2025-01-10,32.29999923706055,2025-01-28,28.18000030517578,-0.1275541495108625,-127.55414951086252,18,stop_loss,0.1,True,0.0743033955176242,0.0580412035550974,SMCI
2025-01-29,28.31999969482422,2025-02-06,33.84000015258789,0.1949152725016629,194.91527250166297,8,target_reached,0.0985412132558952,True,0.0388418217981396,0.0596993914577556,SMCI
2025-02-07,34.54999923706055,2025-02-10,42.650001525878906,0.2344429078924488,234.44290789244883,3,target_reached,0.1,True,0.2558610809781304,0.0517256738462568,SMCI
2025-02-11,40.59000015258789,2025-02-14,47.90999984741211,0.1803399770215945,180.3399770215945,3,target_reached,0.1,True,0.3665927817732844,0.0564158185445067,SMCI
2025-02-18,51.0,2025-02-19,60.25,0.1813725490196078,181.37254901960787,1,target_reached,0.1,True,0.4637254827162799,0.0536770450735396,SMCI
2025-02-27,49.06999969482422,2025-02-28,41.459999084472656,-0.1550845864617815,-155.08458646178158,1,stop_loss,0.1,True,0.2357856076376661,0.1227465610469868,SMCI
2025-03-04,35.0,2025-03-11,40.84000015258789,0.1668571472167968,166.8571472167968,7,target_reached,0.1,True,0.0140000479561941,0.139526623741413,SMCI
2025-03-12,43.959999084472656,2025-03-13,39.08000183105469,-0.1110099489319975,-111.00994893199756,1,stop_loss,0.1,True,0.2149681746985599,0.1008106654898235,SMCI
2025-03-14,40.47999954223633,2025-03-27,34.720001220703125,-0.142292450263575,-142.29245026357506,13,stop_loss,0.1,True,0.1474802689776243,0.0937785918156667,SMCI
2025-03-28,34.7599983215332,2025-04-04,29.81999969482422,-0.1421173436492585,-142.11734364925854,7,stop_loss,0.0984900880726736,True,0.0250287391799388,0.0734613488927348,SMCI
2025-04-07,27.90999984741211,2025-04-09,36.709999084472656,0.3152991503106908,315.2991503106908,2,target_reached,0.0855064708011749,True,0.0111071109866425,0.0743993598145323,SMCI
2025-04-10,35.09000015258789,2025-04-17,31.51000022888184,-0.1020233658631667,-102.02336586316672,7,stop_loss,0.1,True,0.2134511182259364,0.0816137218183498,SMCI
2025-04-21,30.75,2025-04-24,35.810001373291016,0.1645528901883257,164.55289018832576,3,target_reached,0.1,True,0.1024390119847243,0.0841966451125592,SMCI
2025-04-25,35.90999984741211,2025-04-30,31.86000061035156,-0.1127819341205711,-112.78193412057114,5,stop_loss,0.1,True,0.1952102550450725,0.0658956523809005,SMCI
2025-05-01,32.150001525878906,2025-05-13,38.88999938964844,0.2096422253151129,209.6422253151129,12,target_reached,0.1,True,0.1048211719841052,0.0597584173216928,SMCI
2025-05-14,45.93000030517578,2025-05-22,41.31999969482422,-0.1003701410781847,-100.37014107818476,8,stop_loss,0.1,True,0.33507509878928,0.0486904757363455,SMCI
2025-05-23,39.77000045776367,2025-06-25,46.61000061035156,0.1719889382413277,171.98893824132776,33,target_reached,0.1,True,0.1714860351099859,0.0568586713391666,SMCI
2025-06-30,48.70000076293945,2025-07-28,60.04999923706055,0.2330595132712689,233.0595132712689,28,target_reached,0.1,True,0.1626283749397734,0.0404108518161354,SMCI
2025-08-06,47.33000183105469,2025-08-21,42.310001373291016,-0.1060638128788301,-106.06381287883016,15,stop_loss,0.1,True,0.0528206191270348,0.0611279776458488,SMCI
2025-10-23,51.72999954223633,2025-11-05,42.02999877929688,-0.1875120983718475,-187.5120983718476,13,stop_loss,0.1,True,0.0840904409939037,0.0534260916023207,SMCI
2025-11-06,42.5,2025-11-12,37.90999984741211,-0.1080000035903032,-108.00000359030328,6,stop_loss,0.1,True,0.0517647238338694,0.0600786144016668,SMCI
2025-11-13,37.7599983215332,2025-11-19,33.72999954223633,-0.10672666733141,-106.72666733141,6,stop_loss,0.1,True,0.0789194829104888,0.0586858317503729,SMCI
2025-11-20,35.529998779296875,2025-12-09,35.02000045776367,-0.0143540202379736,-14.354020237973607,19,end_of_data,0.1,True,0.1148324840003882,0.0669982378609003,SMCI
2025-04-10,48.75,2025-05-12,60.36000061035156,0.2381538586738782,238.1538586738783,32,target_reached,0.1,True,0.1683077298677884,0.0630426580869774,SYF
2025-04-09,59.79999923706055,2025-04-25,68.87999725341797,0.1518394336488582,151.8394336488582,16,target_reached,0.0773013103185227,True,0.0235785930669088,0.0537227172516139,TPR
2025-04-10,169.38999938964844,2025-05-23,160.4600067138672,-0.0527185353796451,-52.718535379645104,43,time_limit,0.1,True,0.1144695640800231,0.0571499003476933,TRGP
2025-04-16,91.0,2025-05-30,94.01000213623048,0.0330769465519833,33.07694655198334,44,time_limit,0.0886356976401068,True,0.0401099068777901,0.0485257907623166,TGT
2024-08-05,111.16000366210938,2024-08-15,131.72999572753906,0.1850485011493507,185.0485011493508,10,target_reached,0.0733657118347087,True,0.0180820625225978,0.0552836493121109,TER
2025-03-18,88.72000122070312,2025-04-03,75.08999633789062,-0.1536294487745327,-153.62944877453276,16,stop_loss,0.1,True,0.0646979010909896,0.0497014109872377,TER
2025-04-04,71.0999984741211,2025-05-12,83.05999755859375,0.1682137741370817,168.2137741370817,38,target_reached,0.0964834172415807,True,0.0559774375942876,0.040505979647293,TER
2025-05-15,83.25,2025-06-30,89.91999816894531,0.0801200981254692,80.12009812546927,46,time_limit,0.1,True,0.1218017944702515,0.025446276515095,TER
2025-11-20,172.27999877929688,2025-12-04,198.6300048828125,0.1529487246936418,152.94872469364185,14,target_reached,0.1,True,0.1019850951353796,0.043805558500365,TER
2024-03-05,183.0500030517578,2024-03-13,169.47999572753906,-0.0741327893907862,-74.13278939078627,8,stop_loss,0.064962803235351,True,0.0299371517955647,0.0350256514397862,TSLA
2024-04-05,169.0800018310547,2024-04-18,149.92999267578125,-0.1132600481895439,-113.26004818954394,13,stop_loss,0.0857983045940623,True,0.0506861085368447,0.0351121960572175,TSLA
2024-08-05,185.22000122070312,2024-08-15,214.13999938964844,0.1561386350196867,156.13863501968672,10,target_reached,0.0715380014749613,True,0.0173847381464286,0.0541532633285326,TSLA
2025-03-03,300.3399963378906,2025-03-06,263.45001220703125,-0.1228274108699034,-122.82741086990345,3,stop_loss,0.1,True,0.0890323984831237,0.0513845275117454,TSLA
2025-03-07,259.32000732421875,2025-03-10,222.1499938964844,-0.1433364660570211,-143.3364660570211,3,stop_loss,0.086574194680202,True,0.0331251401899735,0.0534490544902284,TSLA
2025-03-11,225.3099975585937,2025-03-24,278.3900146484375,0.2355866036350202,235.58660363502025,13,target_reached,0.1,True,0.0367937214325206,0.0701716470532814,TSLA
2025-03-25,283.6000061035156,2025-04-04,239.42999267578125,-0.1557475757303477,-155.7475757303477,10,stop_loss,0.1,True,0.2162200493812281,0.0490721312694269,TSLA
2025-04-07,223.77999877929688,2025-04-09,272.20001220703125,0.2163732848863255,216.3732848863256,2,target_reached,0.1,True,0.042586463630719,0.0701625239596203,TSLA
2025-04-10,260.0,2025-04-21,227.5,-0.125,-125.0,11,stop_loss,0.1,True,0.1759615384615384,0.0816858215083328,TSLA
2025-04-22,230.9600067138672,2025-04-25,284.95001220703125,0.2337634392263048,233.76343922630485,3,target_reached,0.1,True,0.0569795777604609,0.0780147826291027,TSLA
2025-04-28,288.9800109863281,2025-05-13,334.07000732421875,0.1560315406729771,156.0315406729771,15,target_reached,0.1,True,0.2290470454142477,0.0569950657434228,TSLA
2025-07-07,291.3699951171875,2025-08-11,339.0299987792969,0.163572105778911,163.572105778911,35,target_reached,0.0498355243116113,True,0.0089233831454399,0.0409121411661714,TSLA
2025-04-11,144.0,2025-05-08,165.63999938964844,0.1502777735392253,150.27777353922534,27,target_reached,0.0862441967461868,True,0.0281250211927625,0.0581191755534242,TXN
2024-12-10,1330.0,2024-12-12,1196.8599853515625,-0.1001052741717575,-100.10527417175751,2,stop_loss,0.1,True,0.0449172858905075,0.0647813796036684,TPL
2024-12-13,1203.530029296875,2025-01-16,1392.989990234375,0.1574202191267184,157.42021912671845,34,target_reached,0.1,True,0.0509501772840677,0.0648717602741401,TPL
2025-04-04,1179.5,2025-05-13,1378.6400146484375,0.1688342642208034,168.8342642208034,39,target_reached,0.1,True,0.1111487711623039,0.0534185235048625,TPL
2025-08-12,852.27001953125,2025-09-24,935.0,0.0970701521499626,97.07015214996262,43,time_limit,0.04,True,0.005502953681259,0.0306050132383257,TPL
2025-03-04,88.48999786376953,2025-03-10,77.62000274658203,-0.1228386866267289,-122.83868662672892,6,stop_loss,0.1,True,0.054469429440428,0.0480284815982559,UAL
2025-03-11,79.58000183105469,2025-03-13,69.9000015258789,-0.1216386037000357,-121.63860370003576,2,stop_loss,0.1,True,0.0845690274199934,0.0595652938742789,UAL
2025-03-14,71.06999969482422,2025-04-03,60.22999954223633,-0.152525681710075,-152.52568171007508,20,stop_loss,0.1,True,0.0474180774033049,0.060559639160062,UAL
2025-04-04,55.88999938964844,2025-04-09,70.83000183105469,0.2673108356514553,267.3108356514553,5,target_reached,0.1,True,0.0696009918076491,0.0650158573726329,UAL
2025-04-10,67.12999725341797,2025-05-08,79.41000366210938,0.1829287488622109,182.92874886221088,28,target_reached,0.1,True,0.2253835523976222,0.0846812769846951,UAL
2025-05-09,80.08000183105469,2025-06-24,79.0199966430664,-0.0132368277191674,-13.236827719167454,46,time_limit,0.1,True,0.1800699030872561,0.0338955198036389,UAL
2025-04-04,8.039999961853027,2025-04-10,7.260000228881836,-0.0970148926208974,-97.01489262089748,6,stop_loss,0.0862710223840128,True,0.0559701257960482,0.0303008965879646,VTRS
2024-04-15,70.83000183105469,2024-05-03,81.48999786376953,0.1505011401544405,150.5011401544405,18,target_reached,0.0877635769920905,True,0.0456021921986938,0.0421613847933966,VST
2024-06-03,99.87000274658205,2024-06-04,89.55000305175781,-0.1033343287374388,-103.33432873743888,1,stop_loss,0.1,True,0.0903174529327791,0.0442123705287949,VST
2024-06-05,90.06999969482422,2024-07-17,76.19999694824219,-0.1539913710844506,-153.9913710844506,42,stop_loss,0.0831459928857608,True,0.0382036405434514,0.0449423523423094,VST
2024-07-18,77.4800033569336,2024-07-30,69.0,-0.1094476379649604,-109.44763796496048,12,stop_loss,0.0960380787358013,True,0.0481414971002295,0.0478965816355718,VST
2024-08-01,79.4800033569336,2024-08-05,70.19999694824219,-0.11675900876622,-116.75900876622003,4,stop_loss,0.1,True,0.1351283975785984,0.0514578847121214,VST
2024-08-06,70.0,2024-08-15,81.44999694824219,0.1635713849748883,163.57138497488833,9,target_reached,0.1,True,0.05,0.0521059351687971,VST
2024-08-16,81.12999725341797,2024-09-20,107.87999725341795,0.3297177481276572,329.7177481276572,35,target_reached,0.1,True,0.1803278411032069,0.0502092874340415,VST
2024-10-22,128.0,2024-11-19,154.86000061035156,0.2098437547683715,209.8437547683716,28,target_reached,0.1,True,0.10546875,0.0476234832374938,VST
2024-12-10,145.8800048828125,2025-01-14,170.50999450683594,0.1688373238252154,168.83732382521544,35,target_reached,0.0943994786050419,True,0.0451055772608487,0.0492939013441932,VST
2025-01-27,154.08999633789062,2025-02-25,137.9199981689453,-0.1049386628155115,-104.93866281551156,29,stop_loss,0.1,True,0.1395288500939056,0.0776058815414786,VST
2025-02-26,143.0,2025-03-03,123.9499969482422,-0.1332168045577468,-133.21680455774688,5,stop_loss,0.1,True,0.1072028100073753,0.0495456971548249,VST
2025-03-04,122.9800033569336,2025-03-10,108.48999786376952,-0.1178240778796265,-117.82407787962656,6,stop_loss,0.1,True,0.0535046483285342,0.0710123056589984,VST
2025-03-11,109.5,2025-03-17,126.29000091552734,0.1533333416943136,153.33334169431367,6,target_reached,0.1,True,0.0471233211151541,0.0834708980610842,VST
2025-03-18,124.87999725341795,2025-04-03,108.20999908447266,-0.1334881368960715,-133.48813689607152,16,stop_loss,0.1,True,0.1644779097315775,0.0638307518002904,VST
2025-04-04,103.56999969482422,2025-04-23,120.0,0.1586366742646312,158.63667426463124,19,target_reached,0.1,True,0.110553219870429,0.0659081017204151,VST
2025-04-24,120.7699966430664,2025-05-02,139.27999877929688,0.1532665616521995,153.26656165219953,8,target_reached,0.1,True,0.1443404793498747,0.0640662148975459,VST
2025-05-05,136.58999633789062,2025-05-19,157.32000732421875,0.1517681495140177,151.76814951401775,14,target_reached,0.1,True,0.2049930503748954,0.0363596925930101,VST
2024-02-26,8.779999732971191,2024-04-09,8.6899995803833,-0.0102505871668669,-10.250587166866998,43,time_limit,0.0995874883428703,True,0.0603644361150609,0.0392230522278094,WBD
2024-04-10,8.479999542236328,2024-04-30,7.360000133514404,-0.1320754091015622,-132.07540910156223,20,stop_loss,0.0657449065830832,True,0.037735815105932,0.0280090914771511,WBD
2024-05-01,7.349999904632568,2024-05-14,8.5600004196167,0.1646259225420521,164.6259225420521,13,target_reached,0.04,True,0.0013605104999219,0.0280511732098398,WBD
2024-05-16,8.239999771118164,2024-06-13,7.289999961853027,-0.1152912421909232,-115.29124219092324,28,stop_loss,0.1,True,0.0885921799166831,0.0357359838340523,WBD
2024-06-14,7.289999961853027,2024-07-18,8.520000457763672,0.1687243487444401,168.72434874444008,34,target_reached,0.0451590095985734,True,0.0109739264917252,0.0341850831068482,WBD
2024-08-08,6.760000228881836,2024-08-23,8.050000190734863,0.1908283902627034,190.8283902627035,15,target_reached,0.0540410718080439,True,0.0044379007089637,0.0496031710990802,WBD
2025-04-08,8.319999694824219,2025-05-21,8.949999809265137,0.0757211703785079,75.72117037850789,43,time_limit,0.1,True,0.0853364888644764,0.0673648523430743,WBD
2025-02-13,243.83999633789065,2025-02-14,214.72999572753903,-0.1193815659758036,-119.38156597580362,1,stop_loss,0.1,True,0.1920521757479115,0.0603247211464162,WST
2025-02-18,216.0,2025-04-01,220.16000366210932,0.0192592762134691,19.25927621346912,42,time_limit,0.1,True,0.0879166920979816,0.0632498566169712,WST
2025-04-08,205.3699951171875,2025-05-21,208.9499969482422,0.0174319614168168,17.431961416816797,43,time_limit,0.1,True,0.0828747597912733,0.0328592521566393,WST
2025-04-03,38.7599983215332,2025-04-04,30.540000915527344,-0.2120742456647429,-212.074245664743,1,stop_loss,0.1,True,0.1225490249147179,0.0400334707156212,WDC
2025-04-07,29.6200008392334,2025-04-09,36.29999923706055,0.2255232345901592,225.5232345901592,2,target_reached,0.0823572942903356,True,0.0266711982830515,0.0556860960072841,WDC
2025-04-10,35.79999923706055,2025-04-30,43.86000061035156,0.2251397079625414,225.13970796254145,20,target_reached,0.1,True,0.1946927223992529,0.0644485759913927,WDC
2025-10-09,119.77999877929688,2025-10-29,141.3800048828125,0.180330658905041,180.33065890504108,20,target_reached,0.1,True,0.1198864648246562,0.0423558905310151,WDC
2025-11-04,151.33999633789062,2025-11-10,174.22000122070312,0.1511828032011395,151.18280320113954,6,target_reached,0.1,True,0.2253865059227373,0.0473159089950684,WDC
2025-11-18,158.36000061035156,2025-11-20,140.22999572753906,-0.1144860117007816,-114.48601170078166,2,stop_loss,0.1,True,0.0522859228806774,0.055250133151836,WDC
2025-11-21,140.5399932861328,2025-11-28,163.3300018310547,0.1621603076251931,162.16030762519318,7,target_reached,0.1,True,0.0577059982765189,0.0618694374007379,WDC
2024-08-05,128.38999938964844,2024-09-17,147.22000122070312,0.1466625276156272,146.66252761562723,43,time_limit,0.0479509299637138,True,0.0027261165603202,0.0452248134033935,WSM
2025-04-04,131.55999755859375,2025-04-09,158.25,0.2028732360649303,202.87323606493035,5,target_reached,0.0665531224841011,True,0.0113255568715816,0.0552275656125194,WSM
2025-04-10,153.22000122070312,2025-04-16,137.6199951171875,-0.1018144235689233,-101.81442356892336,6,stop_loss,0.1,True,0.1510898950009689,0.0637792858890226,WSM
2025-04-17,138.2100067138672,2025-05-02,160.55999755859375,0.1617103665366084,161.71036653660843,15,target_reached,0.1,True,0.0588958757993585,0.0694608024108656,WSM
2025-04-03,270.489990234375,2025-04-04,223.4900054931641,-0.1737586840107695,-173.75868401076954,1,stop_loss,0.1,True,0.1197455924442676,0.0342160727885641,ZBRA
2025-04-07,216.6499938964844,2025-04-29,256.04998779296875,0.1818601200390972,181.86012003909724,22,target_reached,0.0840077266467917,True,0.0383105840147613,0.0456971426320303,ZBRA
2025-04-30,246.17999267578125,2025-05-12,300.1099853515625,0.2190673258602578,219.0673258602578,12,target_reached,0.1,True,0.1171906397881893,0.0357035812069657,ZBRA
2025-10-10,299.4100036621094,2025-10-30,261.3699951171875,-0.1270498917192187,-127.04989171921876,20,stop_loss,0.1,True,0.0789886563816147,0.0279983353388362,ZBRA
2025-11-04,265.3399963378906,2025-11-13,241.57000732421875,-0.0895831361337722,-89.58313613377223,9,stop_loss,0.058571063278905,True,0.0238561342414615,0.0347149290374435,ZBRA
2025-11-14,238.009994506836,2025-12-09,265.239990234375,0.1144069423805518,114.40694238055184,25,end_of_data,0.0419938122537903,True,0.0037393362051563,0.038254476048634,ZBRA
